station,fare_zone,total,0500-0515,0515-0530,0530-0545,0545-0600,0600-0615,0615-0630,0630-0645,0645-0700,0700-0715,0715-0730,0730-0745,0745-0800,0800-0815,0815-0830,0830-0845,0845-0900,0900-0915,0915-0930,0930-0945,0945-1000,1000-1015,1015-1030,1030-1045,1045-1100,1100-1115,1115-1130,1130-1145,1145-1200,1200-1215,1215-1230,1230-1245,1245-1300,1300-1315,1315-1330,1330-1345,1345-1400,1400-1415,1415-1430,1430-1445,1445-1500,1500-1515,1515-1530,1530-1545,1545-1600,1600-1615,1615-1630,1630-1645,1645-1700,1700-1715,1715-1730,1730-1745,1745-1800,1800-1815,1815-1830,1830-1845,1845-1900,1900-1915,1915-1930,1930-1945,1945-2000,2000-2015,2015-2030,2030-2045,2045-2100,2100-2115,2115-2130,2130-2145,2145-2200,2200-2215,2215-2230,2230-2245,2245-2300,2300-2315,2315-2330,2330-2345,2345-0000,0000-0015,0015-0030,0030-0045,0045-0100,0100-0115,0115-0130,0130-0145,0145-0200,0200-0215,0215-0230,0230-0245,0245-0300,0300-0315,0315-0330,0330-0345,0345-0400,0400-0415,0415-0430,0430-0445,0445-0500
Abbey Road,2/3,2345.28,2.89,8.35,12.75,18.75,25.75,33.22,37.4,42.93,47.34,54.19,65.71,68.29,68.5,70.87,61.86,51.84,48.92,42.03,33.47,33.65,27.46,22.87,24.55,21.96,19.33,19.49,19.61,18.18,22.33,22.73,25.12,25.68,28.3,26.89,28.96,27.3,29.34,28.76,32.13,35.1,39.23,39.64,43.42,39.95,42.42,43.05,50.99,53.74,64.69,57.76,55.39,45.19,38.61,26.9,27.66,23.87,24.07,23.17,27.6,23.8,23.57,20.02,18.3,12.65,12.4,12.34,12.65,11.01,11.1,11.03,9.69,8.89,9.21,7.84,8.28,6.46,7.41,5.86,4.86,3.11,2.68,0.0,0.0,0.0,0.0,0.0,0.0,0.0,0.0,0.0,0.0,0.0,0.0,0.0,0.0,0.0
Acton Central,3,2761.33,0.0,0.0,6.95,20.12,28.38,35.72,49.19,57.87,67.02,75.03,87.51,98.58,99.92,88.95,84.1,78.53,62.02,51.73,47.07,38.04,30.82,27.21,25.02,22.68,24.96,22.23,22.7,22.65,23.77,23.69,25.27,24.67,25.21,24.41,25.37,25.36,25.99,25.76,26.79,28.84,38.66,45.55,54.67,60.37,66.43,60.16,60.5,62.66,65.77,60.52,60.06,59.71,53.18,44.91,44.36,44.01,35.43,30.17,27.65,23.6,16.11,15.88,14.04,12.37,10.8,11.81,12.48,13.04,14.33,14.07,13.83,11.35,8.99,6.01,4.07,2.17,1.01,0.4,0.03,0.0,0.0,0.0,0.0,0.0,0.0,0.0,0.0,0.0,0.0,0.0,0.0,0.0,0.0,0.0,0.0,0.0
Acton Main Line,3,5804.08,9.64,17.14,26.18,37.59,53.82,76.19,91.37,111.56,131.79,162.19,191.02,219.35,242.6,250.06,235.31,205.6,173.91,142.78,118.42,103.37,88.81,83.76,78.0,75.87,73.29,71.96,70.31,68.47,65.63,62.58,61.48,62.33,58.15,56.14,55.75,56.6,53.45,55.86,58.47,62.05,62.31,65.91,71.05,77.4,88.84,96.48,111.57,117.83,130.14,128.16,125.26,114.33,102.57,82.82,69.55,60.17,49.41,42.89,36.95,30.15,25.39,20.57,19.21,16.91,15.83,15.06,17.29,16.43,18.22,18.35,15.82,11.09,8.19,3.07,0.0,0.0,0.0,0.0,0.0,0.0,0.0,0.0,0.0,0.0,0.0,0.0,0.0,0.0,0.0,0.0,0.0,0.0,0.0,0.0,0.0,0.0
Acton Town,3,8221.41,10.22,17.04,28.69,43.21,57.89,72.99,96.54,123.14,152.75,192.35,248.17,295.27,321.86,329.55,314.32,272.84,223.37,180.49,148.98,127.65,112.24,102.79,99.06,97.87,93.98,91.9,91.29,91.42,88.33,86.22,84.74,85.49,84.31,83.39,85.3,89.57,90.53,92.17,102.02,118.97,127.54,142.7,152.46,157.81,154.12,156.39,160.81,170.94,176.58,180.07,181.27,169.09,154.13,135.55,115.6,96.33,79.19,64.27,55.44,46.77,40.38,36.64,33.63,29.89,28.19,25.85,24.68,24.39,22.8,21.18,20.5,18.18,15.2,13.39,12.09,8.98,6.97,5.19,3.6,2.15,1.44,0.76,0.0,0.0,0.0,0.0,0.0,0.0,0.0,0.0,0.0,0.0,0.0,6.46,6.46,6.46
Aldgate,1,13139.38,3.88,4.88,10.07,17.15,28.67,42.8,61.97,78.43,97.43,110.69,125.64,150.37,177.26,188.53,197.08,194.05,175.13,144.48,126.21,109.33,102.35,93.86,95.71,94.69,96.88,95.22,98.61,104.17,110.72,113.85,119.73,125.25,125.86,125.82,129.76,130.64,132.22,135.04,150.24,160.28,179.92,203.26,241.59,264.61,305.42,341.63,433.36,500.77,582.18,628.25,656.55,595.85,527.58,433.11,356.67,279.07,227.29,188.95,165.14,140.92,133.07,123.82,123.86,117.62,113.41,108.51,109.35,100.1,95.18,87.7,81.42,70.04,59.22,50.77,44.03,32.17,22.97,15.15,8.84,3.48,1.6,0.0,0.0,0.0,0.0,0.0,0.0,0.0,0.0,0.0,0.0,0.0,0.0,0.0,0.0,0.0
Aldgate East,1,20775.65,6.58,10.63,16.35,24.66,34.28,41.71,54.1,71.78,92.47,111.73,143.31,195.81,262.78,304.81,334.29,351.57,345.12,304.3,282.18,272.65,270.69,256.07,249.3,241.79,239.44,218.92,216.06,220.23,233.65,229.59,242.05,247.38,254.69,247.18,255.1,254.38,258.54,253.71,265.43,271.28,291.86,309.77,348.95,373.22,415.12,450.87,547.2,606.74,692.37,730.63,767.81,708.79,654.12,562.88,499.42,417.56,361.34,315.86,291.32,259.9,239.24,233.67,233.4,219.79,218.47,215.36,208.59,195.22,188.42,175.44,165.56,145.42,129.55,110.2,89.61,74.55,55.2,38.47,25.08,16.92,3.45,1.75,0.0,0.0,0.0,0.0,0.0,0.0,0.0,0.0,0.0,0.0,0.0,0.0,0.0,0.0
All Saints,2,2866.36,2.21,4.48,7.13,9.6,12.36,15.31,17.87,21.64,26.75,31.74,45.6,60.47,67.78,71.54,73.44,63.45,52.08,45.97,40.65,37.1,35.13,35.65,34.97,35.75,37.42,37.82,36.65,36.97,38.48,37.84,40.23,40.95,42.67,41.46,42.17,42.82,46.52,48.93,52.18,56.01,58.4,61.1,63.22,64.83,65.78,65.81,64.56,63.13,62.81,60.71,58.86,54.41,51.03,48.02,45.48,42.17,39.77,37.34,35.13,31.26,28.09,24.8,21.32,16.76,15.81,14.94,14.61,14.78,14.57,12.56,11.91,12.16,10.65,10.43,10.24,9.8,7.35,5.91,4.44,2.73,0.89,0.0,0.0,0.0,0.0,0.0,0.0,0.0,0.0,0.0,0.0,0.0,0.0,0.0,0.0,0.0
Alperton,4,4073.37,12.75,23.08,36.76,55.37,66.62,84.02,104.27,116.3,124.21,136.89,143.64,144.3,143.48,138.06,126.73,108.57,88.79,75.7,65.13,58.37,54.43,50.51,48.44,47.91,45.91,44.24,44.99,46.1,44.85,44.58,45.95,45.59,44.05,44.5,45.35,46.38,47.0,46.29,45.97,48.04,46.86,51.23,56.08,60.88,62.95,68.09,69.96,72.01,71.41,71.11,68.28,62.84,55.67,51.01,46.5,41.41,37.59,33.77,29.37,25.06,22.88,20.94,20.28,19.75,18.62,16.75,15.33,13.93,11.95,10.15,8.61,7.63,5.42,4.21,3.18,2.51,1.49,1.33,1.12,0.55,0.31,0.16,0.08,0.0,0.0,0.0,0.0,0.0,0.0,0.0,0.0,0.0,0.0,0.0,0.0,0.0
Amersham,9,3562.34,12.9,12.9,34.04,49.61,81.47,100.95,130.6,177.14,170.04,236.1,222.59,242.82,205.08,204.81,126.25,111.77,83.1,55.59,59.76,38.49,50.02,30.26,40.61,28.83,38.77,29.4,27.95,17.57,29.21,22.8,19.22,21.11,30.05,21.01,16.43,17.93,25.85,19.43,23.95,25.03,33.64,41.56,51.56,46.01,61.45,51.34,47.04,43.2,45.46,28.94,38.7,25.78,19.46,16.03,19.86,10.44,12.19,7.44,7.19,3.81,5.48,4.24,4.24,3.91,4.92,3.66,4.21,5.44,5.01,4.25,4.37,3.22,1.99,2.14,1.44,0.64,0.23,0.23,0.08,0.08,0.0,0.0,0.0,0.0,0.0,0.0,0.0,0.0,0.0,0.0,0.0,0.0,0.0,0.0,0.0,0.0
Anerley,4,2283.86,12.18,33.64,40.31,48.43,48.3,59.27,58.63,68.39,85.11,101.59,114.42,104.47,97.25,80.92,68.89,54.11,50.98,47.92,45.13,34.75,28.49,27.35,27.99,27.14,29.83,31.17,30.04,27.39,26.32,23.18,21.3,20.29,19.94,19.74,20.75,19.55,17.64,17.37,18.27,17.37,18.26,18.87,19.51,19.38,21.33,23.26,28.38,30.52,31.98,31.22,31.37,28.51,27.94,25.71,24.04,22.04,19.27,16.65,15.52,14.11,11.68,11.03,9.32,9.18,9.07,8.87,7.95,7.19,5.4,4.25,2.64,1.58,0.94,0.41,0.01,0.01,0.0,0.12,0.12,0.12,0.12,0.12,0.0,0.0,0.0,0.0,0.0,0.0,0.0,0.0,0.0,0.0,0.0,0.0,0.0,0.0
Angel,1,20044.35,0.0,4.18,10.49,17.41,28.68,43.7,61.28,85.09,120.46,153.37,196.24,245.29,285.5,302.07,312.38,301.01,269.7,230.39,201.0,174.75,159.46,148.87,150.91,149.28,151.22,155.31,172.79,190.53,203.61,212.0,225.67,224.84,218.7,222.53,240.23,245.41,252.82,276.94,306.18,316.16,326.42,339.1,362.78,377.01,405.38,430.62,499.96,522.04,556.26,572.31,619.77,594.56,574.75,528.17,491.87,412.4,353.19,307.4,283.84,253.34,241.4,244.33,252.79,255.67,281.04,289.65,304.52,314.69,313.03,282.05,268.6,229.21,181.95,150.45,126.56,92.65,64.23,43.93,21.91,7.53,0.56,0.0,0.0,0.0,0.0,0.0,0.0,0.0,0.0,0.0,0.0,0.0,0.0,0.0,0.0,0.0
Archway,2/3,12440.93,4.32,11.48,22.59,40.32,61.24,87.33,118.4,158.95,203.61,261.15,329.78,407.8,458.69,485.78,489.74,459.93,397.32,333.67,280.74,237.51,201.89,176.05,167.87,163.01,153.55,146.41,146.46,145.78,143.45,138.19,141.74,144.21,143.19,140.27,142.0,137.59,133.49,131.44,135.69,141.57,149.46,156.9,173.17,189.87,207.33,222.9,252.48,267.28,271.36,269.0,266.77,245.06,223.3,202.08,182.68,156.31,132.91,114.31,104.43,94.51,86.22,79.27,71.03,60.34,50.72,46.07,43.57,42.38,40.0,38.21,36.51,31.89,28.77,23.61,18.78,13.72,10.19,5.77,3.63,2.0,1.24,0.7,0.0,0.0,0.0,0.0,0.0,0.0,0.0,0.0,0.0,0.0,0.0,0.0,0.0,0.0
Arnos Grove,4,5483.33,13.08,21.9,35.58,55.79,69.95,90.14,112.08,132.1,145.1,165.51,192.88,209.04,215.78,217.86,212.32,188.13,162.89,140.93,123.71,105.78,90.86,81.69,78.6,75.98,71.66,69.71,72.57,72.13,69.74,68.37,69.16,67.65,65.4,62.83,62.94,61.08,59.38,57.16,58.59,60.31,64.52,66.08,72.63,76.03,77.68,77.97,83.99,83.64,84.87,84.85,82.39,75.75,70.0,64.11,56.62,50.0,42.98,36.56,29.68,24.92,21.5,18.13,16.25,14.83,13.68,12.74,12.66,12.52,11.65,10.76,9.47,8.39,6.76,6.28,5.36,4.12,2.71,1.96,0.99,0.46,0.3,0.15,0.05,0.0,0.0,0.0,0.0,0.0,0.0,0.0,0.0,0.0,0.0,0.0,0.0,0.0
Arsenal,2,3740.66,1.84,3.82,5.88,9.99,16.39,22.91,33.55,48.41,67.03,90.51,121.54,156.38,185.13,194.29,198.33,181.89,152.71,119.07,98.32,75.07,62.23,52.91,49.77,47.98,45.91,44.01,44.67,45.43,44.99,42.84,41.9,40.54,38.29,35.39,36.24,36.05,35.4,33.74,34.68,34.27,34.26,34.0,36.54,38.57,42.33,45.44,52.38,58.22,63.51,65.87,70.25,68.85,66.56,61.77,56.33,48.0,39.62,31.31,25.01,19.73,15.46,12.99,11.32,10.28,9.91,9.79,10.0,10.39,10.14,9.5,8.91,8.04,6.78,5.54,4.64,3.61,2.27,1.28,0.64,0.24,0.03,0.0,0.0,0.0,0.0,0.0,0.0,0.0,0.0,0.0,0.0,0.0,0.0,0.0,0.0,0.0
Baker Street,1,42176.89,14.27,21.06,29.01,44.68,64.41,84.29,124.25,171.07,219.14,279.71,369.77,479.21,578.38,644.84,658.16,649.41,575.38,507.61,443.04,416.42,388.3,384.92,374.35,391.31,409.49,429.13,451.86,482.67,506.47,517.89,528.83,534.97,527.45,527.26,532.71,543.11,554.24,580.09,618.76,655.29,719.59,785.68,879.05,947.78,1022.42,1061.91,1152.42,1198.78,1261.44,1313.65,1366.58,1327.98,1264.57,1170.42,1066.31,924.76,801.22,702.51,626.34,560.14,517.3,485.81,462.96,433.4,405.06,391.22,379.51,363.11,341.71,318.3,295.05,270.51,241.59,209.92,181.76,143.02,106.14,73.33,47.53,25.46,9.99,1.37,0.0,0.0,0.0,0.0,0.0,0.0,0.0,0.0,0.0,0.0,0.0,2.03,2.03,2.03
Balham LU,3,16629.32,7.45,21.14,36.49,71.91,110.31,171.91,232.5,335.44,439.16,555.86,661.8,771.27,813.26,812.53,744.41,650.77,523.28,406.16,302.16,249.5,200.55,171.61,152.93,149.44,139.77,137.09,134.44,141.71,138.01,135.94,133.51,138.84,133.82,130.53,126.12,129.61,127.45,126.7,125.35,144.31,149.15,155.5,164.9,195.38,210.51,229.7,243.59,276.46,302.77,320.81,330.81,347.26,343.6,310.92,271.99,243.08,207.76,164.73,135.67,119.28,104.54,91.68,86.85,84.17,83.24,81.73,81.48,79.22,78.95,72.93,72.8,63.51,54.56,44.66,37.59,21.47,14.89,9.56,4.78,1.13,0.43,0.19,0.0,0.0,0.0,0.0,0.0,0.0,0.0,0.0,0.0,0.0,0.0,0.0,0.0,0.0
Bank and Monument,1,85478.08,3.51,14.6,24.43,59.04,94.75,135.58,178.63,236.53,269.15,310.19,355.6,435.69,463.18,478.53,487.6,482.24,422.08,400.18,386.01,369.68,364.6,365.62,378.87,408.6,447.69,481.57,550.85,610.7,653.45,667.98,706.56,708.56,712.22,716.44,763.75,786.74,829.28,870.8,958.7,1018.37,1093.21,1162.04,1343.78,1485.35,1715.78,1986.13,2578.89,3119.38,3717.89,4157.59,4507.0,4380.05,4110.24,3660.61,3209.8,2705.1,2287.89,1908.13,1642.13,1421.31,1280.27,1178.91,1133.33,1071.79,1038.79,995.66,979.23,927.22,889.96,834.68,807.46,736.47,663.02,581.33,497.69,399.14,286.3,193.78,116.8,59.35,5.41,0.69,0.0,0.0,0.0,0.0,0.0,0.0,0.0,0.0,0.0,0.0,0.0,0.0,0.0,0.0
Barbican,1,9993.65,1.61,2.49,3.17,5.52,7.12,12.05,15.99,21.55,27.27,34.81,44.64,55.32,71.13,85.14,92.68,93.75,94.95,86.34,78.7,74.22,73.39,71.19,75.4,75.83,78.44,81.28,88.57,92.56,99.3,101.98,106.77,107.03,106.86,106.55,111.78,112.49,116.25,119.85,132.95,144.42,159.6,172.62,208.44,226.47,251.4,270.64,322.36,348.1,394.2,418.4,445.86,427.61,396.9,344.36,304.04,251.47,207.75,176.13,153.89,130.81,119.79,108.35,107.08,104.93,107.91,106.93,111.06,121.15,115.28,101.85,92.72,81.82,54.43,42.03,34.4,24.81,15.5,9.85,6.52,3.63,1.12,0.1,0.0,0.0,0.0,0.0,0.0,0.0,0.0,0.0,0.0,0.0,0.0,0.0,0.0,0.0
Barking,4,29721.09,146.27,243.72,394.78,537.57,662.73,785.36,869.86,891.22,887.95,901.03,916.82,937.42,937.72,928.91,895.96,807.22,712.48,630.06,555.35,493.75,441.54,404.02,390.94,375.09,354.84,346.66,344.52,337.22,331.62,328.48,332.56,330.82,322.65,321.16,322.82,326.48,324.39,325.14,328.96,333.93,338.94,351.29,371.32,394.98,409.41,420.8,452.54,470.94,466.9,460.41,446.12,412.16,368.36,338.24,313.47,283.55,250.0,224.83,203.2,177.79,160.72,143.19,135.37,122.06,110.91,100.67,94.59,89.27,79.21,74.59,70.34,64.22,49.68,46.27,37.27,26.99,16.44,12.6,5.28,2.08,1.17,0.57,0.12,0.0,0.0,0.0,0.0,0.0,0.0,0.0,0.0,0.0,0.0,20.73,20.73,20.73
Barking Riverside,4,1969.74,9.56,19.13,19.13,30.29,33.75,40.79,44.12,57.91,65.87,83.03,94.51,81.62,89.7,84.71,68.18,51.5,56.28,38.74,28.15,23.56,20.34,19.87,19.9,16.36,16.04,16.18,15.18,14.07,16.88,16.55,16.0,15.31,15.7,16.02,15.6,15.99,15.8,15.39,22.89,26.38,28.61,30.46,37.27,31.94,31.98,34.61,37.04,33.97,35.62,35.65,34.13,27.42,25.74,23.03,18.47,14.12,15.99,12.48,9.44,9.59,8.87,8.74,8.24,8.65,7.65,7.04,5.3,4.69,3.43,2.72,1.65,2.28,1.96,1.63,0.99,0.99,0.36,0.0,0.0,0.0,0.0,0.0,0.0,0.0,0.0,0.0,0.0,0.0,0.0,0.0,0.0,0.0,0.0,0.0,0.0,0.0
Barkingside,4,2126.53,13.88,23.22,38.82,58.28,68.41,78.52,83.85,83.04,81.39,83.18,93.28,103.56,106.77,99.86,90.35,70.94,53.56,41.21,35.4,29.94,27.82,24.14,22.93,21.49,20.69,19.02,18.85,17.49,17.03,16.5,16.49,16.19,16.19,17.07,16.97,16.85,15.72,15.84,15.04,18.9,21.91,24.85,28.24,30.36,27.92,26.29,26.11,24.37,22.68,21.34,19.4,16.3,12.94,11.09,10.55,9.23,8.5,8.13,7.47,5.61,5.31,5.13,4.89,4.57,4.54,4.46,3.99,3.59,3.65,3.9,3.26,2.76,2.35,1.43,0.51,0.14,0.07,0.0,0.0,0.0,0.0,0.0,0.0,0.0,0.0,0.0,0.0,0.0,0.0,0.0,0.0,0.0,0.0,0.0,0.0,0.0
Barons Court,2,10254.67,3.92,7.59,13.25,21.47,31.76,42.72,60.85,86.84,119.96,162.8,229.28,294.7,341.46,358.27,355.47,312.34,256.78,202.57,168.95,143.65,129.37,114.18,115.31,111.47,107.07,103.93,115.88,120.76,122.56,117.32,123.4,118.13,110.21,105.83,114.41,110.81,113.11,116.58,134.14,145.05,159.05,167.06,187.58,193.69,206.56,218.32,254.17,271.52,300.66,306.88,312.84,287.73,259.35,214.79,184.7,149.3,121.59,98.68,88.5,76.42,68.51,60.56,59.48,53.59,49.92,45.36,45.82,40.77,36.72,32.95,31.18,26.06,22.02,17.17,14.19,10.41,6.87,4.8,3.09,1.09,0.44,0.1,0.0,0.0,0.0,0.0,0.0,0.0,0.0,0.0,0.0,0.0,0.0,0.0,0.0,0.0
Battersea Power Station,1,14637.88,2.33,7.47,15.85,24.18,36.58,51.06,68.8,92.81,128.41,172.08,240.12,333.76,408.52,437.27,437.4,399.02,321.96,242.17,197.31,170.08,154.28,138.29,136.25,135.83,136.77,131.42,137.53,147.61,153.6,151.31,157.17,164.21,164.04,161.2,167.64,173.87,176.41,177.31,186.7,197.45,203.71,209.41,224.73,242.18,254.53,270.96,303.56,327.59,341.24,346.83,353.25,341.98,323.51,305.62,294.18,269.01,237.4,216.05,204.19,194.71,188.9,184.72,181.73,174.4,165.27,160.96,163.7,164.0,155.1,142.42,133.04,113.96,91.02,73.86,58.08,38.5,24.45,14.41,6.52,2.15,0.0,0.0,0.0,0.0,0.0,0.0,0.0,0.0,0.0,0.0,0.0,0.0,0.0,0.0,0.0,0.0
Bayswater,1,5792.35,2.5,3.94,7.07,9.87,13.68,17.04,22.09,26.52,37.74,49.02,66.12,86.73,105.69,119.06,135.61,146.35,152.76,161.66,165.93,166.47,158.51,146.58,136.45,122.92,109.41,99.97,93.46,81.12,77.76,71.84,69.82,70.0,71.45,68.72,71.4,71.32,71.5,72.55,77.86,80.39,85.11,88.35,94.52,107.25,110.65,112.8,119.6,119.61,109.46,106.26,107.53,102.51,97.75,95.1,92.25,83.43,73.56,65.78,59.62,52.91,50.94,48.07,46.4,42.45,42.22,38.28,39.25,37.98,35.85,32.53,32.19,27.71,25.66,22.14,19.27,16.25,12.49,8.4,6.63,4.25,0.45,0.0,0.0,0.0,0.0,0.0,0.0,0.0,0.0,0.0,0.0,0.0,0.0,0.0,0.0,0.0
Beckton,3,3518.19,9.83,17.75,34.19,50.94,66.67,80.26,89.24,89.28,87.79,86.29,90.32,96.7,95.94,97.2,94.06,81.52,70.29,64.02,55.84,48.24,43.06,38.02,36.42,36.39,35.1,35.13,35.01,34.35,34.0,36.68,36.95,36.93,37.1,37.64,37.71,38.62,38.85,39.42,45.06,58.84,69.93,77.61,84.07,83.36,72.47,65.96,62.94,60.74,57.76,54.51,51.38,48.73,43.98,41.83,41.68,38.63,33.95,30.65,28.6,26.77,25.37,24.37,28.42,26.41,24.64,22.7,22.06,16.66,14.96,11.95,11.11,9.24,7.47,6.17,5.2,3.58,2.66,1.64,0.4,0.0,0.0,0.0,0.0,0.0,0.0,0.0,0.0,0.0,0.0,0.0,0.0,0.0,0.0,0.0,0.0,0.0
Beckton Park,3,856.02,2.78,6.44,12.39,19.73,25.37,31.01,34.41,32.65,30.53,29.44,29.68,27.71,28.68,26.96,24.79,19.92,17.22,14.62,14.89,13.55,13.12,12.64,11.39,9.43,9.28,7.67,6.94,7.53,7.92,8.6,8.33,9.44,8.43,7.36,6.38,8.46,8.55,10.27,11.95,13.45,13.2,12.94,13.27,11.72,10.74,10.63,10.98,10.28,12.33,12.62,11.94,10.3,9.39,7.7,7.95,7.35,7.72,7.06,5.87,5.08,4.1,2.93,2.61,2.51,2.12,2.29,2.38,2.14,1.89,0.9,0.89,0.79,0.69,0.59,0.2,0.0,0.0,0.0,0.0,0.0,0.0,0.0,0.0,0.0,0.0,0.0,0.0,0.0,0.0,0.0,0.0,0.0,0.0,0.0,0.0,0.0
Becontree,5,5060.93,27.26,48.71,89.48,131.62,165.47,190.3,210.48,202.69,191.54,194.79,202.34,196.64,195.06,186.23,170.0,144.9,128.83,115.35,105.41,88.99,79.64,71.13,66.93,61.17,58.96,57.44,56.43,52.35,49.46,47.09,45.8,44.84,43.95,45.24,46.43,45.84,44.49,44.38,43.61,44.76,48.19,51.09,54.69,56.55,59.11,58.15,58.06,56.46,53.85,48.34,46.47,43.81,39.96,38.11,34.93,30.95,26.27,23.45,20.42,19.24,17.19,16.31,14.68,14.74,12.82,12.14,11.61,10.77,8.93,8.09,7.58,6.18,5.47,4.03,3.21,1.72,1.03,0.25,0.05,0.03,0.0,0.0,0.0,0.0,0.0,0.0,0.0,0.0,0.0,0.0,0.0,0.0,0.0,0.0,0.0,0.0
Belsize Park,2,9219.27,1.32,3.39,6.76,11.63,18.81,26.8,38.16,52.08,74.0,104.86,146.51,199.91,247.06,270.75,277.48,263.6,228.07,186.09,158.39,137.18,122.08,111.89,111.67,111.63,110.94,112.78,116.83,121.34,123.14,123.11,121.69,119.83,114.78,110.85,110.58,111.6,110.94,112.46,120.89,125.83,133.8,165.8,211.36,227.29,247.99,263.37,267.19,252.71,258.39,252.88,248.18,226.55,203.79,180.09,160.11,136.55,115.48,99.84,91.8,85.53,80.0,73.48,66.38,54.58,45.04,37.37,35.43,33.02,31.52,30.09,28.37,24.1,20.69,16.85,12.44,9.34,6.5,3.82,2.05,0.98,0.5,0.31,0.0,0.0,0.0,0.0,0.0,0.0,0.0,0.0,0.0,0.0,0.0,0.0,0.0,0.0
Bermondsey,2,11876.54,14.72,25.54,42.61,65.05,90.7,105.54,132.47,165.09,196.32,228.46,275.13,326.62,361.65,379.82,386.95,369.08,329.52,282.98,238.37,201.16,170.47,142.75,126.82,125.87,120.01,116.76,120.48,121.58,115.45,108.94,109.12,106.74,108.53,109.15,115.82,119.03,119.22,114.84,118.1,125.83,151.53,167.29,186.25,202.97,218.62,209.64,226.92,242.5,264.16,276.56,292.99,286.79,272.27,252.29,226.49,192.02,162.44,139.35,113.98,97.53,87.17,80.45,77.04,72.96,68.88,68.7,68.18,67.82,67.66,63.15,61.49,59.58,54.56,46.6,40.81,30.21,20.03,11.76,6.91,4.03,2.04,0.63,0.0,0.0,0.0,0.0,0.0,0.0,0.0,0.0,0.0,0.0,0.0,0.0,0.0,0.0
Bethnal Green LO,2,2558.57,0.05,0.91,3.3,4.44,8.76,11.82,15.0,18.07,22.36,30.62,33.31,35.12,35.55,44.7,37.14,35.52,33.64,31.45,20.4,19.07,19.47,19.06,19.24,19.55,20.3,20.09,21.9,22.08,24.17,24.41,25.11,25.6,27.47,26.51,27.37,28.44,29.87,30.15,34.43,37.1,41.62,44.8,51.75,55.01,59.69,66.96,74.68,82.29,85.6,89.88,87.45,86.74,76.38,69.98,63.4,59.35,49.27,45.41,42.43,38.46,33.11,32.09,30.52,28.25,25.71,24.0,22.02,21.24,20.71,19.39,17.69,15.74,13.72,12.0,9.76,7.48,5.26,3.12,1.18,0.63,0.24,0.0,0.0,0.0,0.0,0.0,0.0,0.0,0.0,0.0,0.0,0.0,0.0,0.0,0.0,0.0
Bethnal Green LU,2,16217.95,5.38,17.16,30.39,52.03,76.93,99.64,124.67,158.13,195.48,232.42,284.4,349.2,407.45,434.72,463.17,464.4,429.82,374.56,331.23,283.86,245.61,214.62,201.77,198.58,198.53,189.98,189.7,192.78,190.34,180.12,182.56,186.77,183.7,180.47,186.83,195.34,197.15,197.9,206.9,215.19,222.37,230.16,249.64,263.9,274.99,283.97,305.14,319.68,341.58,356.42,369.63,370.39,363.96,335.74,310.78,277.51,239.24,201.67,180.21,160.82,144.06,133.83,131.32,125.78,121.64,119.72,121.24,120.54,119.42,112.76,107.59,97.62,84.86,72.24,61.29,48.9,36.88,25.24,14.95,7.84,2.53,0.0,0.0,0.0,0.0,0.0,0.0,0.0,0.0,0.0,0.0,0.0,0.0,0.0,0.0,0.0
Blackfriars LU,1,21986.93,2.44,4.77,9.26,29.82,56.38,80.66,110.69,178.95,226.67,285.39,352.19,452.32,514.57,558.26,559.28,541.09,472.75,383.13,314.95,269.11,233.1,203.1,192.16,185.22,182.8,184.08,189.59,199.92,201.8,198.57,196.54,198.19,192.59,187.0,191.52,197.07,198.49,203.11,219.43,234.2,247.65,268.38,311.27,346.98,379.36,423.18,512.76,590.51,685.26,768.14,840.76,835.32,788.83,709.05,620.86,513.73,418.63,347.71,294.21,253.69,224.1,205.01,192.88,176.96,165.61,156.75,157.0,148.11,143.94,137.28,135.37,121.7,112.64,98.08,82.91,68.35,48.84,31.91,19.9,11.67,0.48,0.0,0.0,0.0,0.0,0.0,0.0,0.0,0.0,0.0,0.0,0.0,0.0,0.0,0.0,0.0
Blackhorse Road,3,16062.24,36.38,64.43,104.37,167.38,219.11,280.29,341.39,399.14,435.52,480.28,555.9,652.19,708.5,748.51,759.02,709.69,595.01,493.27,399.96,317.9,255.31,219.73,202.1,193.38,179.5,168.89,164.56,164.83,159.94,158.04,160.32,166.59,159.21,152.29,149.26,147.68,136.63,133.99,135.18,141.92,141.51,146.7,156.24,168.46,177.9,185.2,201.0,217.33,223.25,226.06,233.97,229.0,217.34,203.53,185.1,160.94,139.11,115.26,96.93,82.42,72.57,64.27,59.44,57.54,53.07,50.17,48.29,46.41,44.25,41.23,40.44,36.8,32.1,26.4,24.14,16.76,10.86,7.01,4.03,1.09,0.53,0.0,0.0,0.0,0.0,0.0,0.0,0.0,0.0,0.0,0.0,0.0,0.0,0.0,0.0,0.0
Blackwall,2,2353.29,1.62,3.38,5.51,9.18,11.8,13.47,18.0,23.19,29.45,38.8,55.67,73.36,84.47,90.1,92.18,83.58,67.97,56.41,47.33,39.99,33.67,30.11,27.13,26.41,24.64,24.56,24.33,25.23,24.72,24.46,25.47,26.56,26.43,25.79,26.49,25.93,24.51,24.49,24.86,25.45,28.36,32.59,36.5,39.14,40.32,40.97,43.2,46.36,46.29,49.86,48.92,44.73,40.15,39.25,34.32,31.88,29.23,26.47,24.48,21.9,20.48,19.17,18.16,16.13,14.95,13.0,12.18,10.76,9.48,9.31,8.7,8.73,8.26,10.87,15.08,14.43,12.63,11.19,7.21,0.99,0.0,0.0,0.0,0.0,0.0,0.0,0.0,0.0,0.0,0.0,0.0,0.0,0.0,0.0,0.0,0.0
Bond Street,1,70333.72,11.04,20.51,34.49,53.77,66.53,83.03,102.74,117.2,129.02,144.44,160.21,185.96,217.5,245.65,269.77,287.93,295.47,288.76,295.4,309.69,324.81,343.79,372.61,407.26,438.09,475.64,519.08,572.47,605.28,631.45,663.52,690.37,705.04,741.03,791.45,842.44,882.9,937.9,1010.73,1086.47,1163.08,1254.87,1383.53,1474.45,1587.05,1694.88,1942.47,2116.0,2429.17,2637.76,2916.42,2908.13,2785.18,2497.67,2297.81,1960.33,1708.93,1579.85,1481.91,1343.87,1241.06,1170.31,1142.69,1086.16,1041.67,998.83,1011.46,1008.74,976.69,910.3,875.95,769.89,643.03,535.65,461.33,355.68,260.6,162.48,97.63,46.21,12.61,0.0,0.0,0.0,0.0,0.0,0.0,0.0,0.0,0.0,0.0,0.0,0.0,0.0,0.0,0.0
Borough,1,7036.83,1.27,3.2,5.77,9.09,14.14,20.5,28.51,37.22,46.27,56.26,67.93,82.18,101.45,113.98,120.19,118.91,110.38,91.07,78.58,69.88,64.96,59.93,58.92,58.42,57.9,57.35,59.51,63.87,67.57,69.76,73.38,75.58,75.48,72.97,73.09,69.92,69.39,69.92,74.44,80.89,90.82,100.13,117.56,130.94,150.92,165.2,204.09,226.96,261.68,276.05,291.28,271.41,251.31,215.95,186.9,154.18,129.31,111.24,97.33,85.07,78.13,72.04,69.44,68.89,67.71,66.7,69.38,67.06,62.68,60.56,58.62,53.31,47.1,40.07,33.63,27.16,19.02,12.98,8.5,4.42,1.07,0.0,0.0,0.0,0.0,0.0,0.0,0.0,0.0,0.0,0.0,0.0,0.0,0.0,0.0,0.0
Boston Manor,4,2310.37,3.8,6.06,9.18,14.51,20.82,28.51,37.02,45.99,52.3,65.72,78.64,86.17,89.28,90.12,78.75,67.74,55.74,47.95,40.07,36.49,32.85,32.25,30.27,30.56,28.55,28.19,28.25,28.91,28.67,28.33,27.33,27.38,26.61,24.37,25.65,24.93,23.75,23.47,26.56,33.95,38.79,41.99,45.5,49.88,47.3,46.2,47.85,49.11,47.77,44.72,42.09,39.84,36.51,30.11,27.04,23.67,18.37,13.44,11.72,9.81,8.05,8.05,7.39,6.69,6.16,5.62,4.57,5.1,4.93,4.51,5.03,4.55,3.59,2.93,2.11,1.19,0.93,0.57,0.35,0.34,0.22,0.06,0.0,0.0,0.0,0.0,0.0,0.0,0.0,0.0,0.0,0.0,0.0,0.0,0.0,0.0
Bounds Green,3/4,7241.41,15.9,27.4,49.11,75.14,100.05,127.3,160.64,183.44,203.14,228.83,266.38,298.93,312.44,322.23,322.46,291.31,245.15,211.77,181.5,148.83,127.21,114.04,111.2,105.62,96.24,91.27,92.51,88.16,84.8,81.38,81.25,77.3,73.25,70.03,70.89,70.14,66.82,67.27,68.8,71.47,76.9,78.79,79.79,82.54,83.97,82.5,90.05,97.49,99.43,100.27,102.0,98.01,90.87,83.69,75.77,64.38,53.02,42.8,35.34,28.35,22.88,19.2,16.95,15.71,14.72,14.83,15.29,15.43,14.38,12.87,11.94,10.41,8.42,6.79,5.63,3.53,2.31,1.47,0.71,0.24,0.14,0.0,0.0,0.0,0.0,0.0,0.0,0.0,0.0,0.0,0.0,0.0,0.0,0.0,0.0,0.0
Bow Church,2,5955.84,5.17,8.48,13.09,18.02,22.32,27.82,36.12,45.43,59.32,74.89,102.2,133.84,160.68,172.09,177.11,164.25,138.33,111.46,94.43,80.1,71.29,65.27,62.69,61.48,59.92,58.53,58.63,60.0,59.91,61.67,64.31,67.23,68.39,70.03,75.41,79.57,79.85,82.45,89.41,111.22,130.85,147.22,161.4,166.43,150.96,135.85,127.65,119.61,119.46,118.34,120.62,118.39,115.37,109.26,100.93,89.48,80.12,69.62,59.54,53.02,47.73,46.41,45.47,43.91,41.95,40.75,36.69,35.2,33.99,32.81,29.34,28.36,27.31,23.6,22.2,22.65,18.28,13.51,10.83,6.17,1.29,0.83,0.0,0.0,0.0,0.0,0.0,0.0,0.0,0.0,0.0,0.0,0.0,0.0,0.0,0.0
Bow Road,2,7369.92,7.31,12.67,23.13,37.88,51.83,64.39,81.98,102.55,123.44,151.96,198.93,252.37,296.56,318.65,322.16,297.94,251.74,199.57,160.83,132.11,109.51,95.98,90.56,89.03,84.83,81.47,79.83,76.48,73.98,71.68,72.11,72.07,73.11,72.44,79.65,86.47,88.18,86.85,89.75,92.69,97.93,101.66,113.07,117.93,116.73,113.2,120.78,120.97,124.43,124.79,129.17,123.05,119.14,112.3,106.46,92.34,80.45,67.16,57.33,47.9,41.12,38.73,38.13,34.13,37.29,41.15,40.62,37.68,37.07,30.66,25.28,22.17,20.07,17.42,16.77,14.45,10.93,9.11,7.79,4.2,1.83,1.39,0.48,0.0,0.0,0.0,0.0,0.0,0.0,0.0,0.0,0.0,0.0,0.0,0.0,0.0
Brent Cross,3,3337.57,2.7,6.73,13.91,21.86,33.93,45.85,56.57,64.95,71.85,79.66,89.83,107.61,126.02,130.19,126.19,117.0,95.62,70.88,62.22,56.54,50.91,47.78,46.79,45.14,41.1,38.12,39.37,39.03,37.15,37.52,38.65,36.98,36.21,35.24,35.28,35.63,35.1,35.15,37.76,40.3,42.28,44.48,46.42,48.62,50.7,53.44,61.45,71.55,78.99,79.86,80.09,72.77,62.41,51.94,45.85,38.62,32.57,26.86,22.29,19.4,16.84,14.84,13.56,12.84,10.61,8.57,9.4,8.99,7.58,6.96,6.58,4.49,3.82,3.24,2.41,2.13,1.63,1.11,0.74,0.67,0.39,0.24,0.0,0.0,0.0,0.0,0.0,0.0,0.0,0.0,0.0,0.0,0.0,0.0,0.0,0.0
Brentwood,9,6805.79,20.81,44.72,79.2,115.41,142.28,176.0,209.01,246.48,289.32,361.79,399.04,402.49,371.94,318.47,241.32,174.28,131.05,101.1,85.04,74.76,73.56,70.69,70.17,64.79,62.04,59.76,54.43,53.66,50.52,47.17,44.77,44.85,49.33,51.21,51.29,52.51,54.23,50.5,50.26,96.27,97.95,101.2,109.79,120.77,79.33,80.4,90.94,90.16,86.41,88.09,85.81,70.7,58.66,48.26,41.72,38.59,34.31,31.84,32.13,30.27,26.65,25.29,24.36,20.94,16.4,15.08,15.36,16.28,16.27,16.41,16.62,13.57,9.56,6.48,4.26,1.3,0.27,0.08,0.0,0.0,0.0,0.0,0.0,0.0,0.0,0.0,0.0,0.0,0.0,0.0,0.0,0.0,0.0,2.24,2.24,2.24
Brixton LU,2,33492.57,48.4,83.45,143.52,219.21,300.64,380.33,480.4,593.83,726.57,854.04,1056.16,1290.77,1495.33,1556.25,1556.95,1424.81,1207.63,917.54,732.38,580.61,481.37,393.46,369.24,352.39,349.31,330.59,331.2,331.11,332.2,304.94,308.39,307.46,302.38,287.22,295.33,288.13,291.17,287.59,294.04,299.39,311.17,302.02,318.72,338.3,363.97,389.55,445.02,492.33,533.92,553.72,573.64,567.75,549.57,505.18,467.17,411.34,348.02,284.88,245.56,210.44,189.4,179.98,174.79,169.89,167.88,162.19,164.89,184.83,214.25,245.84,268.8,262.14,230.81,181.38,126.73,78.3,47.2,26.09,13.8,5.36,0.0,0.0,0.0,0.0,0.0,0.0,0.0,0.0,0.0,0.0,0.0,0.0,0.0,0.0,0.0,0.0
Brockley,2,7282.19,12.02,21.06,38.69,52.4,86.16,107.0,154.86,184.24,239.46,265.08,322.67,296.35,324.9,280.32,297.25,228.75,251.68,198.31,205.8,141.03,145.41,106.46,107.0,88.04,96.77,83.85,89.12,79.79,84.23,73.9,77.62,68.15,69.82,62.86,66.52,60.12,61.33,55.44,59.15,57.47,65.16,68.79,77.74,78.89,87.4,87.08,98.21,99.36,107.85,108.54,114.48,106.49,108.56,97.45,91.91,78.1,69.88,54.91,47.95,36.12,30.31,23.78,22.32,21.63,21.77,20.55,21.35,20.15,19.33,17.66,18.21,15.85,14.15,10.41,8.56,4.82,3.06,1.04,0.66,0.29,0.29,0.0,0.0,0.0,0.0,0.0,0.0,0.0,0.0,0.0,0.0,0.0,0.0,0.0,0.0,0.0
Bromley-by-Bow,2/3,6586.2,8.96,16.22,27.12,41.27,52.71,65.82,80.16,94.41,109.39,134.71,168.62,210.04,245.68,264.39,268.54,248.63,210.86,169.74,138.53,114.0,99.68,90.1,88.44,86.05,81.49,76.31,74.86,70.83,68.25,66.76,67.21,70.0,72.6,75.12,78.92,82.82,80.26,78.58,81.62,92.02,100.45,107.97,118.24,122.73,117.85,113.05,123.35,122.38,122.27,127.86,133.32,121.95,113.07,103.58,89.34,75.65,63.25,54.82,49.14,42.37,35.0,30.2,27.58,25.05,21.32,19.63,20.43,19.21,16.83,15.99,15.64,13.3,11.72,10.32,9.79,7.19,5.14,3.85,2.42,0.7,0.3,0.18,0.0,0.0,0.0,0.0,0.0,0.0,0.0,0.0,0.0,0.0,0.0,0.0,0.0,0.0
Brondesbury,2,4087.91,0.0,2.57,2.57,14.3,33.41,53.8,79.55,102.19,116.54,127.39,140.16,144.84,153.57,150.8,140.46,125.9,106.16,87.86,74.13,64.65,54.28,49.26,44.43,42.53,40.22,39.46,39.06,39.28,39.64,40.15,43.13,44.26,45.27,47.03,47.92,46.97,46.72,46.0,46.24,49.31,49.8,52.69,56.7,59.32,60.51,65.01,69.06,70.69,74.13,74.89,75.96,73.54,70.94,66.75,63.36,55.11,48.44,41.2,34.33,27.72,23.98,21.01,21.7,21.95,21.73,21.03,23.05,22.83,20.79,20.17,20.58,16.22,11.83,8.9,5.56,2.39,1.12,0.52,0.2,0.13,0.03,0.03,0.0,0.0,0.0,0.0,0.0,0.0,0.0,0.0,0.0,0.0,0.0,0.0,0.0,0.0
Brondesbury Park,2,2141.67,0.0,0.64,0.64,3.29,7.55,10.17,14.33,21.09,27.88,34.37,46.8,56.63,62.39,65.92,64.81,58.8,50.67,43.54,35.06,29.64,23.94,21.64,20.52,20.06,20.05,20.22,20.72,20.65,21.52,21.72,22.76,22.44,22.37,21.51,20.59,20.35,20.1,20.15,23.66,27.08,34.46,53.84,61.95,62.49,66.55,65.23,53.21,51.11,58.18,56.25,58.2,54.77,51.88,43.05,42.2,35.07,31.63,27.16,24.63,19.36,15.7,13.43,12.91,10.53,8.91,8.36,8.52,7.3,6.73,6.99,7.38,5.39,4.48,3.82,2.26,0.89,0.37,0.2,0.0,0.0,0.0,0.0,0.0,0.0,0.0,0.0,0.0,0.0,0.0,0.0,0.0,0.0,0.0,0.0,0.0,0.0
Bruce Grove,3,2197.03,1.82,1.82,6.56,14.67,21.58,34.78,45.59,51.98,57.4,64.07,68.89,76.26,78.26,78.15,80.55,89.48,81.89,74.71,66.07,56.4,32.9,26.73,24.8,24.37,22.76,22.11,21.5,22.55,22.47,21.53,21.9,22.73,22.1,21.51,22.39,22.24,21.85,22.7,24.04,23.93,24.52,26.25,28.18,29.5,32.7,33.04,35.27,34.87,36.19,34.34,35.03,32.77,31.62,28.36,27.46,24.12,22.31,18.86,17.12,14.59,13.64,11.31,10.87,9.18,8.9,8.13,7.2,7.02,6.78,5.47,5.01,4.72,3.74,3.41,2.73,1.79,1.2,0.59,0.17,0.01,0.0,0.0,0.0,0.0,0.0,0.0,0.0,0.0,0.0,0.0,0.0,0.0,0.0,0.0,0.0,0.0
Buckhurst Hill,5,3759.77,9.81,19.52,30.96,50.56,62.99,75.32,92.9,116.47,137.67,168.41,205.58,228.32,227.3,214.56,188.97,147.03,111.93,88.3,70.24,58.17,52.65,46.59,45.01,43.29,39.92,38.7,37.5,36.35,34.18,34.94,34.13,33.62,31.82,30.65,29.05,28.68,26.34,25.28,25.27,25.45,25.91,26.61,29.9,32.31,33.76,39.0,45.26,47.21,49.26,50.32,48.26,43.32,38.75,33.6,28.65,22.22,17.61,14.7,14.4,13.14,12.61,12.08,10.8,8.57,7.84,7.3,6.63,6.03,5.21,4.62,3.74,3.36,3.17,2.81,1.87,1.87,1.26,0.79,0.27,0.27,0.04,0.0,0.0,0.0,0.0,0.0,0.0,0.0,0.0,0.0,0.0,0.0,0.0,0.0,0.0,0.0
Burnham,CPC,4175.55,3.16,12.87,20.8,30.9,38.18,50.87,80.35,104.06,134.13,171.75,186.59,202.48,195.82,170.08,149.92,138.56,101.09,85.61,78.31,71.26,60.52,54.62,50.76,60.1,46.74,56.21,51.01,60.07,55.1,57.14,47.69,51.21,47.81,47.26,44.59,45.27,40.37,32.34,33.79,32.03,34.87,42.6,51.39,53.26,66.88,74.6,78.49,82.29,79.65,72.97,72.43,63.59,53.71,45.46,42.88,28.65,22.96,19.02,17.35,13.77,18.14,21.56,21.06,21.58,18.18,11.98,7.96,8.31,7.37,6.24,5.32,3.75,2.38,1.17,0.92,0.67,0.6,0.1,0.0,0.0,0.0,0.0,0.0,0.0,0.0,0.0,0.0,0.0,0.0,0.0,0.0,0.0,0.0,0.0,0.0,0.0
Burnt Oak,4,5466.63,21.54,40.2,67.39,108.2,141.41,172.27,192.28,203.28,199.89,195.8,208.39,218.83,216.41,214.39,204.63,176.31,148.03,129.17,111.0,96.24,84.76,76.46,71.93,68.16,63.27,59.76,58.36,56.63,53.2,51.42,52.03,53.93,53.38,53.94,54.36,52.68,48.44,47.17,47.2,48.78,50.47,52.66,56.01,61.73,70.68,74.52,82.32,86.46,81.95,71.32,65.62,55.66,48.61,45.01,42.06,38.89,34.11,28.26,23.49,19.88,18.13,17.14,16.95,15.69,14.64,11.98,10.77,9.15,8.11,6.88,6.28,4.78,3.93,3.26,2.56,1.87,1.61,0.9,0.4,0.2,0.14,0.07,0.0,0.0,0.0,0.0,0.0,0.0,0.0,0.0,0.0,0.0,0.0,0.0,0.0,0.0
Bush Hill Park,5,3727.61,0.0,9.92,9.92,29.56,56.97,82.72,95.96,125.13,135.25,146.9,159.86,171.98,161.47,163.5,160.07,142.87,107.59,108.41,76.63,65.21,43.69,64.97,45.49,62.65,38.45,56.5,35.21,52.21,35.05,51.88,33.83,48.59,31.6,43.99,27.16,39.91,25.15,39.44,27.05,40.93,28.18,45.26,30.96,47.57,34.08,50.76,44.03,57.12,50.94,62.39,54.06,52.55,44.29,40.52,32.29,29.37,20.54,20.85,14.18,14.84,9.41,13.06,7.92,10.84,6.56,9.5,5.85,7.06,4.14,5.97,3.03,4.85,3.64,3.64,1.82,1.82,0.0,0.0,0.0,0.0,0.0,0.0,0.0,0.0,0.0,0.0,0.0,0.0,0.0,0.0,0.0,0.0,0.0,0.0,0.0,0.0
Bushey,8,4058.32,5.07,10.13,40.0,42.38,62.29,95.25,122.23,139.57,140.72,166.54,180.47,182.76,166.67,184.56,158.0,121.29,107.26,80.31,70.85,54.41,61.02,43.3,53.1,39.18,50.72,38.83,49.44,38.39,48.18,37.46,44.48,33.54,39.59,28.62,34.32,23.93,30.44,23.18,35.3,41.48,57.31,54.8,71.73,62.52,63.34,48.83,64.92,49.61,65.77,52.55,66.67,47.8,57.29,42.51,47.98,33.87,37.99,27.29,27.6,21.17,22.58,15.41,14.99,11.96,12.18,8.86,10.35,9.09,6.27,4.83,3.93,2.21,2.52,2.45,1.64,0.99,0.77,0.04,0.04,0.0,0.0,0.0,0.0,0.0,0.0,0.0,0.0,0.0,0.0,0.0,0.07,0.07,0.07,0.07,0.07,0.0
Caledonian Road,2,5662.02,0.96,2.7,7.18,13.01,19.92,27.85,38.59,50.32,62.23,75.63,94.58,121.19,144.93,158.29,167.53,167.14,154.55,131.87,116.48,103.53,96.77,86.42,83.08,80.26,78.49,70.78,68.52,69.85,74.3,72.23,73.45,73.68,73.51,68.24,69.01,68.88,70.02,67.27,70.34,73.51,77.44,78.95,87.63,95.1,102.95,110.27,126.85,137.98,152.0,154.45,156.98,149.28,136.16,116.26,101.61,85.01,68.19,57.15,48.74,43.62,39.62,36.64,34.59,33.11,31.16,28.72,29.24,29.44,26.73,25.02,24.43,21.04,17.11,14.39,11.9,8.65,6.54,4.34,2.91,1.83,0.87,0.0,0.0,0.0,0.0,0.0,0.0,0.0,0.0,0.0,0.0,0.0,0.0,0.0,0.0,0.0
Caledonian Road & Barnsbury,2,3370.27,0.0,0.85,2.88,6.6,13.54,18.58,26.11,34.13,40.96,47.14,60.65,67.66,72.46,74.45,73.81,66.39,60.2,54.44,47.8,41.54,36.6,33.07,28.93,28.26,27.46,27.21,27.2,28.97,30.03,31.45,32.28,33.16,33.32,33.76,34.78,36.0,37.71,37.73,43.45,46.65,50.21,53.2,59.63,62.21,66.65,73.41,88.11,95.52,102.79,104.91,106.39,98.77,91.84,85.25,79.33,70.73,60.69,55.01,46.14,41.59,35.9,31.7,28.83,28.94,25.35,25.06,27.85,29.06,27.82,28.73,27.42,24.25,20.83,15.34,11.05,7.21,3.5,0.48,0.24,0.07,0.0,0.0,0.0,0.0,0.0,0.0,0.0,0.0,0.0,0.0,0.0,0.0,0.0,0.0,0.0,0.0
Cambridge Heath,2,2815.83,0.0,0.64,1.67,3.97,5.99,13.34,16.64,21.74,26.76,40.54,48.29,69.41,72.5,87.1,91.63,85.78,70.95,66.75,49.34,33.09,29.12,23.11,22.62,20.79,22.51,21.31,22.24,23.98,28.3,27.77,28.11,30.02,28.6,26.06,27.03,29.18,27.38,29.05,30.54,31.31,33.74,40.18,43.74,49.39,53.81,61.64,63.97,70.13,77.11,82.81,81.08,83.21,78.04,69.62,61.62,55.66,46.48,40.35,37.14,33.04,29.47,27.38,27.23,23.59,23.24,22.36,21.92,21.67,21.86,20.09,18.55,15.9,12.98,11.01,8.69,5.53,3.73,2.12,0.59,0.0,0.0,0.0,0.0,0.0,0.0,0.0,0.0,0.0,0.0,0.0,0.0,0.0,0.0,0.0,0.0,0.0
Camden Road,2,6572.74,0.02,1.49,8.46,16.03,26.25,33.71,42.16,44.17,47.21,49.74,60.16,70.69,81.05,86.15,90.46,86.79,78.22,70.25,63.36,54.65,48.0,44.14,41.25,41.8,41.04,42.06,43.82,43.88,45.79,50.25,53.65,56.78,62.82,63.0,65.2,68.87,71.43,74.17,86.17,95.37,105.78,115.0,130.84,137.95,153.72,163.66,184.62,194.78,217.72,229.73,249.49,249.9,242.35,224.96,201.4,171.27,143.84,126.19,108.31,95.96,84.71,78.51,72.78,67.21,63.01,61.13,61.05,62.61,66.95,68.42,68.37,63.4,56.56,40.31,28.6,16.69,9.49,2.4,1.62,0.76,0.19,0.0,0.0,0.0,0.0,0.0,0.0,0.0,0.0,0.0,0.0,0.0,0.0,0.0,0.0,0.0
Camden Town,2,24087.23,3.28,6.57,13.73,23.31,38.3,52.83,73.19,95.81,117.91,144.9,177.44,215.85,262.96,287.32,297.65,289.92,272.86,224.22,198.45,176.86,167.99,153.23,158.74,166.07,177.49,186.89,204.27,226.42,246.48,262.29,288.25,308.81,327.21,344.2,364.95,381.71,399.4,414.39,431.58,448.87,458.35,468.49,495.2,514.72,535.36,553.14,598.29,618.14,664.25,709.47,769.69,770.66,754.33,693.61,618.71,515.91,432.73,365.94,315.37,272.07,242.23,220.46,218.11,215.65,214.47,219.7,243.5,248.42,285.41,337.63,354.29,338.13,324.88,273.19,202.93,150.68,110.04,68.94,39.92,15.49,5.15,0.98,0.0,0.0,0.0,0.0,0.0,0.0,0.0,0.0,0.0,0.0,0.0,0.0,0.0,0.0
Canada Water,2,15374.16,20.17,34.33,51.23,79.56,106.32,132.03,164.17,208.65,253.22,307.12,376.3,469.14,563.24,610.13,625.38,601.19,538.25,432.66,351.98,297.53,249.41,206.93,190.76,188.84,178.45,174.75,174.66,178.25,174.85,168.71,168.67,168.99,166.72,163.48,165.64,164.28,162.89,158.03,158.85,165.1,173.28,177.57,195.69,216.62,235.44,245.36,266.65,269.33,277.18,278.9,279.69,268.34,261.75,242.98,219.04,197.21,176.37,155.57,139.67,127.66,114.28,104.55,100.14,93.8,88.65,86.82,94.22,94.27,84.82,75.1,67.96,50.4,36.04,29.23,28.17,22.26,17.63,13.43,10.54,3.96,2.08,0.67,0.0,0.0,0.0,0.0,0.0,0.0,0.0,0.0,0.0,0.0,0.0,0.0,0.0,0.0
Canary Wharf DLR,2,18530.98,4.05,8.35,16.94,28.21,36.54,43.59,52.87,63.14,73.24,83.69,101.73,116.93,133.89,149.48,153.47,155.62,152.39,140.38,125.54,126.61,121.13,118.62,119.88,127.51,133.57,140.46,151.03,162.84,172.45,185.35,193.81,202.6,208.93,210.65,209.32,215.11,218.58,223.01,235.95,247.67,263.03,288.93,326.76,357.43,399.78,445.63,510.54,574.21,632.79,683.65,709.43,692.19,656.64,621.12,557.51,501.51,448.5,398.97,348.91,315.94,286.57,265.41,247.21,229.72,218.36,210.23,203.61,196.29,188.42,178.12,166.05,155.83,141.84,146.27,147.75,138.48,120.05,95.52,58.77,27.81,10.05,0.0,0.0,0.0,0.0,0.0,0.0,0.0,0.0,0.0,0.0,0.0,0.0,0.0,0.0,0.0
Canary Wharf LU,2,59544.35,20.44,44.04,66.15,110.95,137.97,176.53,218.2,277.76,320.65,387.84,463.27,558.94,641.16,686.81,699.19,679.62,616.51,546.04,479.46,443.16,404.04,372.35,346.97,358.12,364.52,376.88,404.78,437.93,453.64,446.82,463.14,467.99,465.07,465.18,499.37,522.93,549.58,572.45,634.05,680.43,741.94,798.05,949.27,1066.7,1247.57,1464.0,1858.47,2150.64,2456.49,2656.21,2788.7,2670.08,2519.2,2313.95,2100.58,1814.53,1572.16,1333.44,1136.34,958.39,840.95,744.75,698.23,627.41,575.94,540.52,521.38,480.45,451.22,426.44,408.3,365.49,327.58,279.5,244.0,188.77,139.37,97.81,69.7,35.26,15.6,8.01,0.0,0.0,0.0,0.0,0.0,0.0,0.0,0.0,0.0,0.0,0.0,0.0,0.0,0.0
Canning Town,2/3,19395.29,65.77,99.48,153.4,230.82,278.65,346.99,408.05,460.59,474.16,492.76,528.95,597.73,644.48,679.82,698.9,668.49,588.63,502.41,436.01,373.81,321.97,275.34,246.24,234.66,220.01,208.78,220.34,227.11,222.12,212.26,217.38,210.27,208.29,202.59,210.76,209.62,210.81,204.51,204.03,203.57,204.72,204.24,224.24,239.32,247.69,256.64,282.69,292.21,308.15,320.83,339.83,330.65,316.02,291.71,262.43,225.0,195.31,168.22,150.18,133.39,118.22,108.62,103.06,96.56,92.47,89.44,81.78,77.68,69.68,62.7,56.26,51.92,44.75,37.42,34.37,27.2,20.09,13.37,9.54,3.66,1.49,0.79,0.2,0.0,0.0,0.0,0.0,0.0,0.0,0.0,0.0,0.0,0.0,0.0,0.0,0.0
Cannon Street LU,1,9749.03,1.28,6.2,7.6,32.46,48.97,67.9,86.31,124.65,136.17,167.51,207.92,273.08,284.5,283.16,265.19,239.27,167.98,134.91,115.6,98.66,78.38,73.38,69.31,68.01,71.13,69.61,75.05,77.36,80.0,76.82,80.12,77.56,77.58,75.85,80.63,80.49,84.14,83.13,90.75,93.65,101.84,105.32,121.45,132.11,149.35,166.37,209.32,251.36,294.37,329.66,359.14,361.58,341.8,310.1,275.85,236.89,193.78,163.36,139.41,120.69,104.75,94.94,88.13,81.57,76.89,74.84,73.84,70.29,66.82,62.15,58.26,51.53,44.59,37.35,28.9,21.55,15.79,9.79,6.07,3.77,1.2,0.0,0.0,0.0,0.0,0.0,0.0,0.0,0.0,0.0,0.0,0.0,0.0,0.0,0.0,0.0
Canonbury,2,4696.27,1.52,4.97,11.73,19.86,32.47,40.83,53.75,67.0,87.12,110.11,140.18,175.32,203.18,211.34,210.42,200.34,170.05,137.91,115.07,92.96,74.21,62.58,56.92,53.91,50.11,46.78,47.37,47.02,45.29,45.28,46.26,44.84,43.83,42.95,42.62,42.91,42.55,42.15,43.39,47.86,51.37,57.16,64.31,70.75,73.95,75.74,81.21,80.79,80.03,80.32,83.97,80.71,80.39,78.33,74.25,65.94,57.25,48.56,40.79,34.61,28.83,24.81,22.36,20.56,17.58,17.49,18.15,19.05,18.67,18.32,18.37,16.02,12.82,10.43,8.25,4.5,2.52,1.25,0.76,0.14,0.0,0.0,0.0,0.0,0.0,0.0,0.0,0.0,0.0,0.0,0.0,0.0,0.0,0.0,0.0,0.0
Canons Park,5,3812.94,10.28,19.03,35.05,58.4,71.02,86.44,102.17,113.17,122.58,146.3,172.42,183.98,185.32,179.0,164.1,131.46,109.49,92.56,77.7,60.75,54.27,48.45,46.46,43.42,42.47,41.61,41.91,40.27,38.66,37.42,37.78,36.35,34.12,33.09,32.55,30.7,29.55,30.83,31.85,31.49,33.2,39.71,42.4,47.27,51.37,53.81,52.72,54.76,54.37,54.47,54.12,50.52,45.86,39.62,33.71,27.92,24.07,19.82,17.09,15.1,12.95,10.58,10.1,9.6,8.39,8.27,9.07,8.21,7.41,7.33,6.38,4.67,3.62,2.83,2.3,1.75,1.17,0.93,0.61,0.21,0.13,0.06,0.0,0.0,0.0,0.0,0.0,0.0,0.0,0.0,0.0,0.0,0.0,0.0,0.0,0.0
Carpenders Park,7,2443.82,6.25,16.71,30.12,41.95,49.4,64.83,73.35,86.65,111.5,130.24,143.64,143.41,131.5,107.11,86.91,63.32,52.06,42.54,36.0,32.16,30.51,27.14,26.91,28.34,27.75,27.64,29.33,28.77,25.47,24.28,25.25,23.03,25.08,23.22,21.88,18.9,19.9,17.21,20.02,21.27,22.13,21.03,21.87,22.7,23.48,24.2,27.43,29.62,28.61,28.18,25.77,24.64,20.32,19.77,18.41,18.24,15.53,14.08,12.23,10.42,8.39,6.14,6.74,5.16,5.69,5.44,5.84,5.1,4.81,3.57,3.62,3.69,2.94,2.57,2.2,1.35,0.26,0.04,0.04,0.0,0.0,0.0,0.0,0.0,0.0,0.0,0.0,0.0,0.0,0.0,0.0,0.0,0.0,0.0,0.0,0.0
Chadwell Heath,5,8156.35,32.17,73.27,128.76,192.85,228.01,268.77,287.69,296.14,286.58,316.08,341.98,347.11,333.62,317.46,299.34,250.44,219.44,194.84,173.28,142.37,128.51,115.09,110.37,104.76,98.47,93.87,90.76,86.67,83.53,79.09,81.47,80.59,77.98,76.38,80.13,75.5,72.5,70.17,69.22,68.45,69.01,70.45,75.97,79.93,80.31,83.86,88.58,89.75,89.0,90.24,92.13,87.58,78.57,71.81,63.43,52.48,43.31,39.08,35.11,32.02,27.9,26.45,25.27,23.18,20.03,18.73,18.39,17.64,15.53,14.69,13.73,10.22,7.32,6.04,4.5,2.51,1.63,0.94,0.44,0.11,0.04,0.04,0.0,0.0,0.0,0.0,0.0,0.0,0.0,0.0,0.0,0.0,0.0,4.9,4.9,4.9
Chalfont & Latimer,8,2809.92,2.92,9.6,18.47,30.71,38.71,62.64,70.44,81.05,112.06,133.49,146.67,149.17,149.47,118.85,99.53,64.77,59.92,43.15,39.28,27.58,33.55,23.8,28.51,20.84,25.9,20.83,22.45,14.83,21.86,22.22,22.62,21.99,26.2,21.39,16.67,13.21,15.4,16.66,18.44,18.55,29.71,82.1,93.04,89.4,96.35,93.44,47.66,31.19,42.39,36.14,35.7,26.08,31.96,20.69,21.29,13.43,12.54,7.29,7.01,3.59,5.14,3.9,3.67,2.99,4.61,4.45,12.81,13.39,14.54,13.27,12.19,3.58,3.3,2.11,1.75,1.31,1.14,0.4,0.01,0.0,0.0,0.0,0.0,0.0,0.0,0.0,0.0,0.0,0.0,0.0,0.0,0.0,0.0,0.0,0.0,0.0
Chalk Farm,2,8541.01,1.01,2.51,6.76,12.47,19.81,27.49,39.13,52.72,69.31,94.59,130.47,176.23,214.28,235.04,240.77,224.81,190.32,152.87,128.99,110.13,98.74,91.52,88.92,85.53,81.55,79.63,80.01,83.64,85.45,85.59,86.4,85.41,84.74,84.08,84.74,86.77,86.92,85.16,89.43,94.43,98.28,105.36,115.5,119.23,130.87,139.99,158.76,165.2,175.44,172.42,180.27,172.78,166.81,153.23,143.84,121.09,99.12,83.28,74.27,63.59,56.42,51.22,49.13,47.38,48.07,51.89,66.68,109.35,204.35,261.14,284.42,279.49,239.47,138.77,74.72,39.86,22.45,10.37,5.26,1.95,0.67,0.29,0.0,0.0,0.0,0.0,0.0,0.0,0.0,0.0,0.0,0.0,0.0,0.0,0.0,0.0
Chancery Lane,1,17940.9,0.0,1.11,3.08,5.5,8.35,12.78,17.96,21.84,25.07,31.11,35.73,44.88,54.79,63.77,69.57,74.28,75.45,73.57,76.11,79.52,86.89,89.5,100.35,108.38,119.65,129.75,152.73,172.59,191.62,200.93,216.04,217.59,215.3,209.06,215.8,214.44,214.64,217.39,236.65,245.56,264.7,295.2,351.39,384.05,437.06,484.8,587.43,650.12,771.01,846.51,925.12,900.26,859.75,745.08,657.52,538.13,444.21,372.04,330.83,282.86,255.89,238.12,222.7,200.47,184.25,171.27,164.21,155.18,144.98,134.39,125.81,109.52,93.63,80.69,69.94,52.4,35.36,24.46,14.91,5.15,0.15,0.0,0.0,0.0,0.0,0.0,0.0,0.0,0.0,0.0,0.0,0.0,0.0,0.0,0.0,0.0
Charing Cross LU,1,28742.3,6.31,10.55,22.47,40.81,65.66,95.15,125.5,157.07,199.41,236.56,268.09,316.34,369.08,388.65,390.27,380.03,348.52,299.25,261.1,239.89,223.16,208.86,202.27,198.91,195.4,202.08,217.92,228.08,242.93,252.79,262.78,262.89,271.58,277.81,301.16,315.8,332.47,343.78,368.97,380.5,401.17,428.52,472.32,502.69,539.6,572.22,632.81,679.07,753.36,801.28,840.85,827.02,787.41,709.97,646.22,572.74,514.05,465.35,427.28,398.65,378.94,364.79,369.85,382.25,414.26,470.11,580.8,686.49,713.75,676.11,612.5,483.88,340.64,250.3,197.24,145.64,93.55,53.74,30.26,12.87,0.88,0.0,0.0,0.0,0.0,0.0,0.0,0.0,0.0,0.0,0.0,0.0,0.0,0.0,0.0,0.0
Chesham,9,1905.99,0.0,13.62,13.62,36.62,36.62,82.29,68.67,68.67,88.32,88.32,95.3,95.3,124.92,82.28,96.11,43.46,58.43,39.97,39.97,35.11,35.11,27.63,16.48,23.92,14.95,20.65,13.14,18.0,10.56,15.01,9.31,14.1,9.24,13.63,9.18,14.63,9.84,15.2,10.81,16.93,11.47,31.19,25.84,33.5,27.38,37.06,17.34,27.33,19.67,25.19,15.51,19.46,9.47,11.49,5.97,7.99,4.04,5.4,3.38,4.38,2.36,3.15,1.79,2.65,1.64,3.79,3.0,4.07,3.22,3.76,1.62,1.99,0.92,0.96,0.42,0.57,0.2,0.27,0.23,0.23,0.07,0.07,0.0,0.0,0.0,0.0,0.0,0.0,0.0,0.0,0.0,0.0,0.0,0.0,0.0,0.0
Cheshunt,8,3764.9,14.65,29.37,40.5,72.59,96.47,118.53,139.18,167.1,173.1,204.77,212.54,217.52,211.48,193.0,172.25,146.69,115.26,97.75,81.51,59.68,47.32,47.69,36.77,41.27,32.14,37.66,31.93,35.21,29.34,33.23,26.49,29.09,24.54,26.06,20.85,23.72,20.17,23.11,19.69,23.68,20.39,25.03,22.98,28.22,27.67,28.89,31.45,33.71,36.91,35.22,39.45,34.72,33.04,25.19,25.89,21.42,17.31,14.5,12.26,9.07,6.16,7.08,5.9,6.51,5.2,5.81,4.31,4.78,3.86,4.4,3.01,3.6,2.37,2.13,1.14,1.14,0.14,0.14,0.0,0.0,0.0,0.0,0.0,0.0,0.0,0.0,0.0,0.0,0.0,0.0,0.0,0.0,0.0,0.0,0.0,0.0
Chigwell,4,590.88,0.75,2.25,4.44,6.88,6.14,14.67,16.77,26.27,23.83,45.87,44.64,41.04,32.7,35.8,14.37,9.37,10.37,9.04,7.26,7.94,6.25,6.89,5.84,5.54,4.95,5.37,4.53,4.69,4.05,4.34,4.15,4.32,3.63,4.34,4.28,4.23,3.63,6.35,7.77,9.48,10.35,12.26,11.45,12.48,10.47,10.07,9.04,7.54,5.58,5.37,4.31,3.31,2.97,1.59,2.02,2.04,1.93,1.57,1.61,0.9,0.75,0.66,0.67,0.55,0.57,0.62,0.75,0.61,0.69,0.59,0.55,0.34,0.4,0.32,0.29,0.22,0.22,0.15,0.04,0.02,0.0,0.0,0.0,0.0,0.0,0.0,0.0,0.0,0.0,0.0,0.0,0.0,0.0,0.0,0.0,0.0
Chingford,5,4606.08,10.04,21.96,34.34,53.55,64.11,92.67,119.27,150.75,185.05,241.58,279.59,288.71,277.68,249.04,206.87,151.2,132.61,114.18,98.52,80.73,75.04,56.32,53.25,53.06,51.17,50.8,49.16,45.95,43.51,43.62,43.13,41.89,40.56,38.96,37.38,35.99,35.1,34.41,34.02,36.53,37.54,42.31,46.42,49.89,50.22,51.98,51.95,52.14,51.76,52.2,50.03,44.96,40.49,33.97,26.46,21.16,16.91,12.65,13.14,12.52,12.31,11.57,11.55,8.41,7.73,6.88,6.59,5.94,5.86,5.16,4.15,3.55,2.56,1.61,0.91,0.37,0.0,0.0,0.0,0.0,0.0,0.0,0.0,0.0,0.0,0.0,0.0,0.0,0.0,0.0,0.0,0.0,0.0,0.0,0.0,0.0
Chiswick Park,3,3794.54,3.68,6.2,9.63,14.63,19.58,26.43,38.09,47.92,63.12,97.06,120.19,136.91,146.83,146.31,121.34,102.17,80.29,64.85,55.04,47.31,41.27,39.37,39.86,38.07,36.48,37.64,38.2,36.62,35.08,35.76,36.74,37.32,36.97,36.66,37.67,36.7,36.08,36.94,39.45,39.66,41.16,43.79,53.25,60.06,69.68,77.44,95.85,108.0,120.44,128.13,135.2,124.98,108.9,90.09,72.8,55.8,43.34,35.71,30.8,25.74,20.75,17.27,16.29,14.19,12.75,12.13,12.35,10.2,9.8,9.49,8.86,6.8,5.68,4.15,3.08,2.17,1.85,1.14,0.66,0.51,0.5,0.13,0.03,0.0,0.0,0.0,0.0,0.0,0.0,0.0,0.0,0.0,0.0,0.84,0.84,0.84
Chorleywood,7,2530.79,3.88,7.8,19.79,20.13,36.67,40.21,66.9,74.92,113.29,123.26,150.08,134.46,139.84,107.76,94.87,65.58,53.37,38.53,41.21,26.11,33.15,31.95,30.43,21.78,28.62,20.67,22.59,13.67,21.98,15.78,17.56,14.11,20.61,14.17,13.79,12.13,17.76,15.86,42.32,47.23,54.92,73.16,78.55,52.69,54.97,52.29,39.15,30.3,36.58,26.86,28.88,18.77,21.27,12.22,17.02,12.14,14.02,10.41,11.37,7.49,6.46,5.16,5.5,4.33,4.56,4.33,4.16,4.43,4.61,4.11,3.65,2.55,2.29,2.25,1.58,1.02,1.02,0.53,0.23,0.14,0.0,0.0,0.0,0.0,0.0,0.0,0.0,0.0,0.0,0.0,0.0,0.0,0.0,0.0,0.0,0.0
Clapham Common,2,11677.48,9.26,16.98,30.77,55.63,83.59,112.72,152.77,205.64,272.96,345.24,406.81,450.83,456.02,449.35,414.95,373.6,322.84,281.33,221.54,179.83,149.4,129.24,121.32,118.33,114.22,110.32,113.59,117.02,117.73,113.89,114.09,112.86,107.01,101.95,103.21,102.87,100.28,100.43,104.51,109.04,112.49,120.26,134.51,148.02,160.36,175.08,196.01,206.62,219.24,225.52,233.31,227.55,219.72,202.76,188.84,168.56,145.65,128.63,116.07,103.18,91.03,84.37,78.83,75.57,73.35,72.73,76.06,75.34,71.68,71.15,70.89,65.06,58.31,52.46,43.76,31.67,21.33,14.56,8.25,3.16,1.22,0.37,0.0,0.0,0.0,0.0,0.0,0.0,0.0,0.0,0.0,0.0,0.0,0.0,0.0,0.0
Clapham High Street,2,2474.19,0.0,0.05,1.68,4.84,7.05,20.76,31.82,44.34,57.76,79.77,92.44,103.46,109.21,110.69,106.58,88.38,72.73,56.21,44.37,27.9,26.15,22.92,22.97,21.07,21.02,18.42,19.08,19.69,18.15,16.63,17.25,17.63,16.91,16.56,18.2,17.2,17.03,17.89,20.01,20.2,22.66,23.38,26.92,30.5,35.3,37.19,43.55,45.81,51.72,52.31,56.25,55.84,55.53,50.67,49.11,46.23,42.94,38.36,33.31,29.04,23.01,18.66,17.44,15.61,14.07,14.21,13.45,11.51,10.34,10.21,9.65,10.11,8.86,8.48,6.66,4.81,2.17,1.51,0.77,0.77,0.22,0.0,0.0,0.0,0.0,0.0,0.0,0.0,0.0,0.0,0.0,0.0,0.0,0.0,0.0,0.0
Clapham Junction,2,43359.72,15.81,54.28,88.77,153.82,253.9,387.17,557.34,819.54,1110.32,1458.38,1767.23,2011.17,2068.01,1967.4,1718.55,1437.18,1115.25,872.89,693.43,584.98,488.83,447.54,404.02,419.73,397.26,406.94,400.98,425.53,413.85,422.11,407.63,402.89,381.35,371.72,363.93,364.91,365.91,373.84,393.54,413.76,438.49,448.34,522.13,574.5,618.83,664.82,744.38,775.25,815.01,833.46,852.64,848.32,804.28,736.06,679.53,603.16,508.81,436.52,375.0,339.3,303.11,278.71,264.08,263.77,252.35,243.55,250.28,249.27,243.2,227.11,218.75,191.86,159.96,121.84,92.65,60.35,34.53,15.16,7.3,1.75,0.02,0.0,0.0,0.0,0.0,0.0,0.0,0.0,0.0,0.0,0.0,0.0,14.91,14.91,14.91,14.91
Clapham North,2,7515.75,5.83,10.63,19.38,35.31,55.75,79.28,113.37,151.79,190.55,229.75,254.86,271.63,274.18,266.82,250.91,237.3,211.54,184.88,155.27,127.38,104.34,87.2,78.79,76.05,72.77,69.89,71.87,70.81,70.92,69.37,67.96,66.54,68.71,64.48,65.32,65.1,65.26,61.79,64.96,66.22,69.31,72.33,80.61,88.05,96.67,105.8,123.18,130.46,150.93,160.36,171.09,166.44,167.84,146.73,136.51,121.85,109.66,90.81,80.75,67.71,54.8,45.31,44.48,40.77,39.27,39.31,42.75,41.79,42.12,41.3,39.87,32.94,29.15,25.28,21.32,15.93,12.3,7.88,4.36,1.73,0.81,0.4,0.0,0.0,0.0,0.0,0.0,0.0,0.0,0.0,0.0,0.0,0.0,0.0,0.0,0.0
Clapham South,2/3,11173.54,9.47,19.1,33.95,59.15,90.14,127.6,175.99,236.7,311.46,412.82,499.88,575.95,608.59,607.64,550.23,477.42,383.09,303.49,231.45,180.18,145.28,124.87,117.76,113.33,105.74,103.29,104.73,106.27,101.73,102.73,102.75,100.27,94.93,93.92,90.6,88.52,89.41,85.39,86.31,93.92,99.15,100.89,130.53,149.86,154.85,159.57,176.39,173.59,175.4,179.02,187.42,183.01,171.51,157.97,144.87,126.65,107.06,87.93,73.23,61.28,50.47,42.0,36.74,31.36,27.08,25.13,25.48,28.3,27.27,26.0,23.92,21.1,15.26,12.13,10.78,8.0,5.62,4.55,3.29,1.3,0.99,0.54,0.0,0.0,0.0,0.0,0.0,0.0,0.0,0.0,0.0,0.0,0.0,0.0,0.0,0.0
Clapton,2/3,4176.73,3.08,5.04,10.96,18.84,25.14,28.66,45.6,64.13,82.07,117.34,168.92,197.28,204.18,206.67,192.04,154.44,123.94,115.21,98.5,81.57,73.21,66.29,53.16,53.75,51.28,49.82,49.38,48.12,44.83,44.61,45.75,44.9,44.59,43.75,42.92,40.46,41.23,42.12,45.54,46.96,49.1,50.89,56.52,60.04,62.44,64.77,69.57,70.93,70.99,70.76,70.55,66.12,60.47,54.07,50.61,45.18,39.68,34.01,28.68,23.64,19.78,16.23,14.45,13.66,12.18,11.3,11.27,10.14,9.21,8.3,7.73,6.58,5.75,4.45,3.65,2.74,1.65,0.98,0.67,0.4,0.22,0.07,0.0,0.0,0.0,0.0,0.0,0.0,0.0,0.0,0.0,0.0,0.0,0.0,0.0,0.0
Cockfosters,5,2295.11,6.41,10.71,17.65,25.04,34.14,41.75,49.96,55.93,63.22,68.26,78.12,80.79,84.27,82.44,77.24,66.05,60.5,52.83,46.7,43.33,41.89,39.88,38.93,37.47,36.6,35.56,33.95,31.93,30.18,28.96,27.25,27.03,26.12,24.57,22.71,22.94,21.61,21.79,23.11,24.72,25.05,26.52,29.77,33.13,34.22,36.17,37.47,37.28,35.17,34.78,34.46,32.62,28.93,27.98,26.07,21.73,18.27,15.23,11.41,8.31,7.08,6.21,6.87,7.55,8.22,7.78,8.35,7.22,6.57,6.22,6.36,5.2,4.88,3.96,2.48,1.52,1.05,0.5,0.0,0.0,0.0,0.0,0.0,0.0,0.0,0.0,0.0,0.0,0.0,0.0,0.0,0.0,0.0,0.0,0.0,0.0
Colindale,4,11039.92,17.08,36.97,62.76,97.41,131.88,172.91,208.91,245.78,279.11,323.57,392.19,460.74,490.34,494.85,473.29,404.0,320.71,262.09,224.26,193.66,172.21,156.87,152.29,144.6,132.25,127.43,126.28,122.98,117.91,116.21,116.53,115.36,113.17,115.91,122.07,124.74,130.38,136.06,140.64,140.07,142.36,142.61,150.45,154.39,165.45,173.6,187.83,189.28,192.73,187.43,179.7,159.35,139.81,120.83,104.06,88.13,74.08,62.95,53.45,46.23,40.11,37.67,36.86,36.69,34.51,33.24,30.65,27.29,23.73,20.4,18.05,15.86,14.16,11.62,9.2,6.64,4.94,3.25,1.54,1.01,0.73,0.45,0.14,0.0,0.0,0.0,0.0,0.0,0.0,0.0,0.0,0.0,0.0,0.0,0.0,0.0
Colliers Wood,3,9186.03,22.73,36.9,60.62,91.9,117.08,154.18,197.82,239.81,282.74,329.8,393.66,450.95,473.09,470.08,440.2,372.29,288.87,224.58,176.36,144.09,121.82,109.0,105.44,103.8,97.98,97.48,98.82,97.66,92.53,91.18,90.27,88.34,85.59,84.04,83.2,81.17,78.22,76.66,77.3,78.67,78.13,79.48,86.09,93.0,96.45,103.65,113.31,121.39,128.57,136.02,144.38,143.9,137.04,125.57,112.34,93.17,78.03,63.9,54.12,45.51,39.16,33.71,30.35,26.96,24.42,23.13,22.65,21.21,19.35,17.96,17.15,14.35,12.89,12.14,10.38,7.12,5.28,3.72,1.55,0.69,0.53,0.39,0.0,0.0,0.0,0.0,0.0,0.0,0.0,0.0,0.0,0.0,0.0,0.0,0.0,0.0
Covent Garden,1,19205.47,0.49,1.03,1.8,2.88,4.04,5.25,8.15,9.79,11.91,15.5,18.9,20.88,25.32,27.68,30.7,35.58,40.7,44.05,50.37,58.2,64.03,70.55,81.46,91.21,98.28,108.69,122.21,131.71,142.53,150.77,166.33,180.6,195.52,213.27,236.94,252.82,266.34,285.37,305.71,325.7,339.95,359.39,378.71,394.73,404.02,416.63,445.13,463.57,492.23,516.2,546.81,545.74,537.28,510.07,498.01,468.34,440.3,418.39,407.95,377.84,365.44,357.54,361.37,361.76,394.45,434.59,509.0,578.63,604.12,563.12,502.67,400.79,284.78,200.39,155.86,113.56,72.75,43.35,24.28,11.46,1.01,0.0,0.0,0.0,0.0,0.0,0.0,0.0,0.0,0.0,0.0,0.0,0.0,0.0,0.0,0.0
Crossharbour,2,4973.41,5.39,9.03,13.28,17.03,21.36,24.85,33.13,45.68,61.06,78.56,112.69,154.01,186.32,199.33,197.57,178.09,141.57,105.94,86.73,77.3,67.14,60.1,56.69,54.56,54.01,52.68,53.97,54.71,56.01,56.65,58.45,59.06,58.66,56.18,54.24,54.5,54.34,53.68,56.75,59.47,64.47,78.36,98.05,104.16,109.03,113.3,113.13,104.29,105.11,102.21,95.45,84.49,77.36,71.69,69.08,65.95,61.81,56.29,50.49,45.03,39.3,34.86,32.75,29.6,26.82,25.94,24.63,23.24,22.81,22.58,21.85,21.8,19.55,19.47,18.16,14.49,10.83,8.62,4.12,0.94,0.55,0.0,0.0,0.0,0.0,0.0,0.0,0.0,0.0,0.0,0.0,0.0,0.0,0.0,0.0,0.0
Crouch Hill,3,1762.11,0.0,0.0,4.51,7.96,11.57,16.99,23.42,26.22,32.24,41.14,49.5,56.73,58.53,55.75,49.98,40.77,31.82,26.2,22.15,18.75,16.79,16.18,16.41,16.96,17.61,17.93,16.38,15.81,15.09,15.33,15.05,14.86,15.24,15.44,14.56,15.93,17.82,18.47,21.83,24.05,25.33,27.31,30.12,31.37,33.75,35.16,39.1,41.06,41.12,39.69,44.52,41.05,39.55,39.59,38.22,31.72,26.19,23.32,18.91,16.17,14.0,17.41,15.68,16.64,16.48,16.29,14.99,12.39,11.12,11.14,10.9,7.61,8.76,6.26,3.96,1.54,1.54,0.15,0.0,0.0,0.0,0.0,0.0,0.0,0.0,0.0,0.0,0.0,0.0,0.0,0.0,0.0,0.0,0.0,0.0,0.0
Croxley,7,1718.55,2.74,6.41,9.43,16.37,23.99,35.69,47.24,59.55,83.71,99.97,113.56,112.48,107.84,86.6,66.91,46.29,38.17,31.1,24.33,20.09,18.23,15.16,13.57,12.63,11.92,11.31,10.76,10.53,10.48,10.35,10.13,9.0,9.08,9.52,9.44,9.04,9.75,9.24,8.56,12.38,37.08,39.43,41.67,43.88,44.6,23.13,24.34,27.09,28.02,27.24,25.46,22.01,17.2,13.17,8.5,5.92,4.47,3.19,2.82,2.39,2.43,1.95,1.95,1.62,1.39,1.42,1.37,1.4,1.4,1.38,1.12,1.19,1.24,1.14,0.98,0.71,0.5,0.18,0.0,0.0,0.0,0.0,0.0,0.0,0.0,0.0,0.0,0.0,0.0,0.0,0.0,0.0,0.0,0.0,0.0,0.0
Crystal Palace,3/4,6616.84,8.6,20.29,34.75,54.18,72.43,121.94,172.35,226.54,297.74,414.19,452.01,461.4,436.63,391.46,286.63,222.5,169.94,143.37,109.53,87.22,72.23,68.36,68.94,71.25,69.09,70.78,69.39,65.2,63.41,63.54,60.22,55.06,48.06,44.14,41.84,40.76,40.71,44.42,45.61,45.36,47.41,48.12,54.02,58.22,66.18,67.84,72.63,69.5,69.62,66.41,63.86,60.62,55.27,51.01,46.41,41.69,36.08,33.69,28.24,24.97,20.94,19.4,16.7,17.84,15.07,17.34,16.22,17.84,14.74,15.51,13.04,12.95,9.1,7.32,4.7,3.17,0.81,0.3,0.0,0.0,0.0,0.0,0.0,0.0,0.0,0.0,0.0,0.0,0.0,0.0,0.0,0.0,0.0,0.0,0.0,0.0
Custom House DLR,3,8814.34,2.7,7.48,16.08,25.62,43.06,66.13,88.85,114.79,131.77,148.05,161.39,173.01,185.05,198.58,198.03,188.88,179.63,162.9,147.62,134.18,124.19,112.72,100.53,92.74,92.47,90.18,90.21,91.49,95.78,99.01,103.25,101.8,103.38,99.94,95.9,92.41,96.04,96.4,106.19,114.11,124.27,136.71,152.27,153.9,166.75,177.24,181.37,191.96,201.95,200.51,204.45,200.34,185.09,179.55,173.5,157.91,144.88,127.75,113.16,97.33,88.37,82.31,81.98,74.66,70.87,66.2,67.87,66.77,71.98,72.83,70.51,64.06,65.39,55.82,51.2,44.69,35.62,21.04,13.6,5.06,0.09,0.0,0.0,0.0,0.0,0.0,0.0,0.0,0.0,0.0,0.0,0.0,0.0,0.0,0.0,0.0
Cutty Sark,2/3,8687.5,3.84,6.48,10.64,16.24,23.63,28.61,39.11,48.85,61.66,76.98,98.45,120.05,134.22,145.78,146.29,136.87,118.2,104.83,89.63,79.52,71.11,69.29,71.37,73.06,75.78,86.69,97.09,102.34,104.77,114.19,120.27,120.87,122.57,130.54,142.73,145.62,146.15,153.03,166.39,161.68,165.64,188.49,205.14,205.69,214.13,223.38,231.04,232.07,233.49,235.06,234.21,214.54,194.89,186.88,177.56,158.24,144.09,135.27,120.16,104.55,95.89,86.93,85.59,81.61,76.17,70.96,68.62,61.23,57.17,54.73,52.16,47.84,43.01,52.38,51.33,45.16,38.81,32.56,12.16,2.73,0.52,0.0,0.0,0.0,0.0,0.0,0.0,0.0,0.0,0.0,0.0,0.0,0.0,0.0,0.0,0.0
Cyprus,3,3920.08,2.34,3.99,6.38,12.42,17.28,20.68,24.0,27.04,27.16,27.89,32.22,41.2,42.91,44.48,44.65,40.95,31.82,31.21,30.3,28.45,31.05,33.36,33.4,34.08,38.12,41.8,46.1,53.27,59.01,66.08,72.75,82.0,81.11,82.35,83.33,76.98,72.01,87.37,107.91,115.4,128.7,139.08,137.94,123.94,128.43,127.48,129.01,128.12,123.88,110.21,100.15,83.6,65.92,56.25,54.22,48.68,44.14,43.7,44.22,37.41,32.97,29.37,24.61,19.95,16.8,15.59,14.76,13.54,12.05,10.15,8.58,7.66,6.11,5.24,4.46,3.28,2.1,1.58,0.98,0.39,0.0,0.0,0.0,0.0,0.0,0.0,0.0,0.0,0.0,0.0,0.0,0.0,0.0,0.0,0.0,0.0
Dagenham East,5,4737.25,26.67,48.31,82.91,118.71,147.24,165.19,180.34,179.15,170.84,176.58,183.16,177.69,169.49,157.73,137.64,113.9,97.62,85.65,77.66,67.87,62.69,59.32,55.58,53.63,51.03,50.98,48.45,49.21,46.15,44.6,42.57,41.52,40.04,39.89,41.03,42.51,43.54,42.84,45.17,45.85,48.62,52.62,60.53,63.84,66.84,68.5,73.09,75.01,79.15,78.96,76.2,66.65,54.92,43.7,36.43,29.58,24.94,21.95,19.81,18.09,17.7,17.38,17.07,15.12,14.17,13.02,11.49,10.41,9.0,8.75,7.73,7.17,6.2,5.18,3.26,2.09,0.99,0.17,0.0,0.0,0.0,0.0,0.0,0.0,0.0,0.0,0.0,0.0,0.0,0.0,0.0,0.0,0.0,0.0,0.0,0.0
Dagenham Heathway,5,8274.82,52.37,96.05,150.51,213.27,254.86,294.24,308.11,306.78,290.85,289.88,298.14,291.61,283.24,271.32,247.1,207.94,186.12,166.37,145.18,130.83,121.15,111.31,106.49,100.67,95.25,93.03,91.83,89.22,89.0,89.77,89.43,88.57,87.14,86.58,85.97,86.19,86.91,88.57,88.4,90.74,92.01,95.17,95.24,95.91,96.92,97.56,96.86,102.14,104.53,100.69,100.51,95.42,86.34,77.73,72.16,61.13,52.4,43.59,37.88,33.27,29.65,28.08,27.5,26.61,23.42,21.66,19.74,18.75,16.74,15.73,14.94,13.52,10.69,7.85,5.57,3.24,1.47,0.66,0.15,0.18,0.09,0.09,0.02,0.02,0.0,0.0,0.0,0.0,0.0,0.0,0.0,0.0,0.0,0.0,0.0,0.0
Dalston Junction,2,8200.77,3.7,8.28,15.72,29.64,43.29,53.41,68.34,85.65,103.88,131.39,175.97,231.97,276.89,303.98,315.55,298.09,249.02,200.66,159.26,123.87,99.03,86.99,80.02,79.27,75.52,72.8,73.41,74.62,74.22,79.94,81.92,87.39,89.34,87.35,83.4,83.02,76.53,74.92,74.29,74.76,77.55,83.32,86.3,93.62,98.53,104.08,116.34,128.28,141.89,153.97,172.8,174.79,175.01,169.17,157.49,134.36,116.99,99.36,83.69,74.14,66.21,60.02,61.12,62.06,63.73,68.52,78.07,81.56,87.19,93.59,106.86,102.84,99.03,82.9,70.34,41.83,25.87,11.67,7.74,0.64,0.0,0.0,0.0,0.0,0.0,0.0,0.0,0.0,0.0,0.0,0.0,0.0,0.0,0.0,0.0,0.0
Dalston Kingsland,2,8808.07,0.0,6.68,19.1,34.0,47.35,59.57,75.42,90.25,104.28,125.18,155.93,187.82,204.82,216.06,224.13,221.23,197.63,177.63,159.03,138.34,116.78,106.49,99.47,98.74,96.14,94.4,91.13,94.41,97.22,98.86,106.49,110.36,109.31,104.44,103.92,99.19,100.74,101.43,104.87,106.56,113.59,114.79,125.43,132.53,142.07,147.82,164.03,171.42,179.24,184.25,190.33,187.98,178.43,172.44,167.86,154.52,135.62,125.6,111.22,96.04,85.3,78.76,76.39,76.89,77.19,81.71,91.74,100.32,108.93,108.83,105.87,95.71,78.55,58.5,43.88,28.9,16.71,9.04,3.23,1.01,0.0,0.0,0.0,0.0,0.0,0.0,0.0,0.0,0.0,0.0,0.0,0.0,0.0,0.0,0.0,0.0
Debden,6,3556.94,16.72,28.4,44.19,63.1,75.53,86.21,97.55,106.95,112.44,129.41,145.11,148.77,145.44,138.09,119.61,95.27,80.25,66.26,52.97,45.1,42.48,37.22,36.33,34.05,33.33,32.88,33.04,33.93,35.57,35.63,35.32,34.23,32.0,29.43,29.17,27.57,31.83,38.28,44.44,44.46,48.13,50.51,53.39,52.61,62.02,67.3,73.48,69.86,74.83,71.7,68.18,56.74,50.49,39.66,30.49,22.31,17.28,14.75,13.5,12.54,12.03,11.47,10.47,9.4,7.94,7.38,7.96,7.31,5.99,5.69,5.19,3.79,3.42,3.07,2.48,1.64,1.18,0.63,0.28,0.14,0.0,0.0,0.0,0.0,0.0,0.0,0.0,0.0,0.0,0.0,0.0,0.0,0.0,0.37,0.37,0.37
Denmark Hill,2,12966.9,1.85,2.65,11.02,15.02,36.54,58.7,115.57,151.78,244.85,297.14,388.6,404.23,458.72,414.47,422.82,354.14,339.2,263.18,239.03,176.66,161.46,124.99,132.83,126.0,137.95,130.52,144.4,141.84,153.58,136.27,140.9,123.86,123.56,105.17,118.98,112.38,128.62,122.86,148.08,154.37,180.75,177.3,231.91,249.34,307.04,323.88,429.48,430.38,460.17,423.03,422.82,322.29,286.25,221.31,203.81,160.67,145.37,122.11,119.94,99.09,90.91,80.45,72.33,60.65,49.82,40.67,36.52,30.79,25.08,21.12,19.37,15.43,12.94,10.17,8.29,5.95,3.2,1.07,0.28,0.12,0.0,0.0,0.0,0.0,0.0,0.0,0.0,0.0,0.0,0.0,0.0,0.0,0.0,0.0,0.0,0.0
Deptford Bridge,2/3,4278.96,4.48,8.28,13.44,20.03,29.3,35.24,48.62,61.04,72.94,90.66,120.91,140.42,156.99,166.18,161.55,137.44,116.45,95.63,78.15,64.8,60.68,53.84,50.25,50.9,49.49,45.72,47.36,46.95,45.16,46.5,47.16,47.49,46.1,46.53,47.83,47.49,43.75,44.29,43.98,42.28,44.93,49.02,55.05,59.35,65.67,67.23,73.46,78.7,82.5,80.96,82.7,79.48,75.22,73.36,71.79,68.26,61.89,52.24,43.14,37.76,32.41,31.13,31.9,29.37,25.91,24.05,22.02,20.02,21.84,22.66,21.07,19.63,17.22,19.14,17.25,15.57,12.51,10.74,3.22,1.39,0.46,0.46,0.0,0.0,0.0,0.0,0.0,0.0,0.0,0.0,0.0,0.0,0.0,0.0,0.0,0.0
Devons Road,2,3991.16,5.17,8.59,13.11,17.55,20.51,24.21,29.73,35.18,48.28,63.43,91.51,119.5,144.19,152.27,152.45,138.55,118.13,93.73,79.32,69.34,59.44,52.18,51.43,48.64,47.05,46.66,47.69,48.53,49.08,49.1,53.31,52.91,52.52,51.72,52.26,48.76,48.21,48.19,53.52,60.8,71.35,79.74,85.87,87.74,84.83,77.05,77.35,76.1,74.96,72.57,72.24,64.66,59.6,54.97,52.02,47.99,43.23,38.39,33.83,29.27,23.87,21.13,19.56,17.0,15.36,14.99,14.99,14.43,13.77,13.15,11.89,10.6,9.39,12.36,12.15,11.23,10.18,8.62,3.8,1.56,0.61,0.0,0.0,0.0,0.0,0.0,0.0,0.0,0.0,0.0,0.0,0.0,0.0,0.0,0.0,0.0
Dollis Hill,3,5489.59,10.24,17.2,27.59,38.5,50.76,71.09,94.37,113.62,143.05,161.42,190.59,197.13,214.08,198.06,199.02,175.05,160.35,131.03,121.2,102.8,89.49,81.84,78.48,76.13,72.68,68.68,68.14,67.66,66.48,65.14,67.02,66.76,64.87,63.14,63.52,62.73,62.85,64.2,65.42,67.52,70.28,71.86,77.64,81.81,85.59,85.75,91.75,92.75,94.82,91.5,91.14,84.72,78.15,69.42,64.22,56.81,48.89,42.31,37.82,33.73,30.12,27.43,24.44,22.24,19.23,16.68,15.02,13.98,11.68,10.11,9.66,8.56,6.92,6.1,5.56,4.21,2.77,2.0,1.3,0.53,0.16,0.06,0.0,0.0,0.0,0.0,0.0,0.0,0.0,0.0,0.0,0.0,0.0,0.0,0.0,0.0
Ealing Broadway,3,26567.12,26.31,65.12,112.6,177.05,243.89,316.47,389.61,469.05,551.52,652.04,774.0,895.02,969.54,993.9,978.35,895.56,747.77,613.23,510.63,424.77,349.68,318.72,309.32,302.38,291.07,286.64,294.71,304.93,301.68,299.08,306.47,309.87,300.07,298.87,306.14,307.64,299.06,297.93,294.6,307.04,314.97,344.46,381.26,425.58,452.17,482.11,510.87,534.35,555.27,552.28,546.73,518.08,477.43,414.79,375.87,326.53,281.45,238.13,214.47,182.59,163.36,144.31,136.11,125.27,118.8,112.94,113.27,109.0,103.74,96.65,86.28,69.47,53.07,37.76,23.62,13.15,7.39,3.9,1.75,1.22,1.07,0.85,0.11,0.11,0.11,0.11,0.0,0.0,0.18,0.18,0.18,0.18,0.7,6.86,6.86,6.86
Ealing Common,3,3217.48,4.93,8.77,13.26,19.16,24.73,33.25,44.65,57.63,72.72,92.61,109.11,122.66,128.83,127.85,118.68,104.46,87.29,72.52,61.61,51.85,46.06,41.17,39.61,37.73,35.94,33.99,34.79,34.91,34.62,33.8,34.75,34.62,33.98,33.92,35.28,36.18,35.96,35.97,35.91,37.28,40.73,42.9,46.0,51.03,54.25,55.02,59.28,62.6,63.0,62.18,61.73,58.72,55.07,50.22,45.75,40.34,34.01,28.16,23.76,20.95,18.07,16.52,15.17,14.07,12.69,12.07,11.32,11.18,11.66,10.51,8.72,8.22,6.9,4.98,3.91,3.41,2.24,1.44,0.86,0.64,0.41,0.11,0.0,0.0,0.0,0.0,0.0,0.0,0.0,0.0,0.0,0.0,0.0,1.21,1.21,1.21
Earl's Court,1/2,26051.08,12.1,20.63,34.5,55.16,76.87,103.78,141.39,186.98,243.74,324.05,430.87,551.33,657.43,719.17,744.7,727.54,672.23,603.9,559.74,518.91,482.19,449.35,428.84,403.66,376.94,351.86,337.27,324.81,316.54,303.4,302.69,298.59,293.97,288.45,298.09,300.16,302.83,302.42,319.53,327.41,342.13,366.56,415.25,448.74,490.36,527.44,586.01,609.24,616.21,613.98,625.04,589.64,557.87,523.22,489.23,427.11,369.38,312.65,279.69,245.1,217.93,196.41,186.52,168.74,161.61,152.76,153.69,147.54,141.61,127.3,122.81,111.05,100.54,92.7,89.35,78.43,64.04,48.91,34.36,18.32,6.58,1.02,0.03,0.0,0.0,0.0,0.0,0.0,0.0,0.0,0.0,0.0,0.0,0.0,0.0,0.0
East Acton,2,6208.27,8.06,16.22,24.58,35.02,49.36,60.49,75.64,92.25,109.22,126.31,152.31,178.34,193.38,199.0,196.95,181.27,152.66,129.84,112.3,98.09,85.48,78.73,76.42,76.19,74.53,72.21,71.47,71.69,69.2,65.58,66.05,66.7,63.12,61.43,62.93,66.32,66.1,68.03,71.46,79.92,84.1,89.63,101.51,113.94,124.85,135.13,153.14,169.39,175.68,171.62,173.83,162.04,135.63,115.03,98.58,75.28,59.39,51.48,46.23,42.76,39.62,34.25,31.95,28.04,22.66,18.84,18.96,17.88,16.59,15.8,15.25,13.6,11.41,9.97,8.95,7.33,4.96,3.58,2.3,1.2,0.63,0.35,0.05,0.0,0.0,0.0,0.0,0.0,0.0,0.0,0.0,0.0,0.0,0.0,0.0,0.0
East Finchley,3,9686.06,6.62,14.19,25.8,40.31,62.3,87.02,116.8,157.38,210.88,274.08,343.33,428.17,474.64,491.72,489.56,452.29,379.33,312.85,261.86,210.37,173.34,148.16,139.23,132.03,121.66,114.44,112.78,111.11,101.83,98.27,97.44,94.65,90.9,90.98,90.72,90.12,86.44,83.11,83.97,84.88,87.94,94.12,106.83,112.42,121.27,132.16,145.0,157.14,169.95,175.56,175.16,168.09,152.49,133.9,116.46,99.22,81.15,65.13,53.56,44.55,36.79,31.11,27.83,25.38,22.53,21.17,20.54,20.54,18.39,17.52,15.14,13.68,10.13,9.42,7.2,4.94,3.01,2.09,0.6,0.29,0.09,0.0,0.0,0.0,0.0,0.0,0.0,0.0,0.0,0.0,0.0,0.0,0.0,0.0,0.0,0.0
East Ham,3/4,18389.68,80.42,139.5,239.79,338.25,417.47,496.22,550.07,551.04,530.52,527.75,539.9,551.88,550.58,552.22,542.04,493.09,434.53,392.89,354.83,314.84,287.14,266.94,256.73,244.88,231.81,218.87,212.23,207.94,201.18,200.27,211.56,221.26,221.45,224.13,231.29,231.48,225.17,220.97,224.66,227.47,228.81,238.17,252.17,259.68,258.48,259.81,264.26,262.73,252.4,240.71,230.96,212.0,191.34,176.47,168.82,154.45,139.64,127.98,119.45,114.74,109.32,105.74,103.42,99.87,92.52,88.35,81.37,75.86,65.41,56.12,46.49,38.54,29.47,25.01,18.63,12.89,9.19,6.27,3.28,1.78,1.14,0.41,0.27,0.0,0.0,0.0,0.0,0.0,0.0,0.0,0.0,0.0,0.0,0.0,0.0,0.0
East India,2/3,7521.42,3.98,8.15,12.45,19.06,27.88,34.45,46.5,58.92,76.95,99.08,130.61,163.25,191.36,201.78,199.29,183.62,157.92,138.88,121.07,109.96,97.59,85.33,71.77,69.83,65.08,66.49,68.72,71.84,70.54,74.29,78.9,82.72,81.59,81.18,86.44,86.33,88.75,98.17,117.4,133.23,151.17,170.48,191.05,201.49,212.1,226.76,246.56,245.46,236.71,213.37,191.55,154.47,127.87,116.79,126.57,120.94,116.03,113.02,102.61,79.74,68.51,61.84,55.29,46.7,38.3,28.96,23.25,19.22,17.45,15.68,14.76,12.87,12.1,15.43,21.5,19.45,17.61,15.47,9.45,1.04,0.42,0.0,0.0,0.0,0.0,0.0,0.0,0.0,0.0,0.0,0.0,0.0,0.0,0.0,0.0,0.0
East Putney,2/3,10667.0,3.42,9.51,22.1,35.59,56.4,90.38,149.88,214.86,298.38,410.58,515.24,564.37,572.09,548.62,473.94,383.39,303.81,249.24,203.18,171.21,145.24,131.61,121.6,117.03,112.4,110.47,108.95,109.43,104.23,99.41,97.52,98.36,93.93,92.95,93.09,90.36,84.93,86.77,87.53,88.98,90.67,99.22,114.94,125.74,142.86,160.7,181.21,189.0,204.29,209.93,216.55,207.47,194.19,175.41,154.3,127.89,104.41,85.99,69.62,55.31,44.24,37.35,32.4,29.13,26.4,25.78,27.19,26.46,25.33,23.7,22.76,18.78,15.43,11.89,11.02,8.89,6.75,5.42,4.56,2.46,0.34,0.03,0.0,0.0,0.0,0.0,0.0,0.0,0.0,0.0,0.0,0.0,0.0,0.0,0.0,0.0
Eastcote,5,3935.68,8.34,14.78,21.92,34.21,45.53,65.8,84.11,114.41,139.05,168.89,189.77,203.78,196.0,189.27,164.52,136.78,115.95,99.69,81.51,69.87,65.37,59.96,58.03,57.03,56.42,54.51,51.49,48.19,46.28,44.85,44.19,42.08,41.27,38.47,38.0,36.69,36.6,35.5,37.92,36.59,38.75,40.72,44.04,43.01,44.31,45.1,47.65,47.06,50.25,52.28,50.05,46.09,42.94,36.64,31.1,26.38,20.91,17.71,14.96,12.23,10.35,9.09,8.02,7.49,6.8,7.36,8.05,7.85,7.53,7.18,6.16,5.04,4.57,4.06,3.35,2.71,2.0,1.1,0.64,0.39,0.06,0.03,0.03,0.03,0.0,0.0,0.0,0.0,0.0,0.0,0.0,0.0,0.0,0.0,0.0,0.0
Edgware,5,6749.63,12.98,29.68,46.63,74.59,102.82,132.51,153.88,176.7,193.85,225.59,273.61,302.1,315.94,314.6,289.69,239.56,201.38,170.45,149.3,128.1,110.88,99.29,97.73,92.96,90.73,88.53,89.71,85.93,83.33,80.11,82.62,80.01,76.48,73.33,71.85,66.8,64.3,64.11,66.97,68.07,68.37,71.42,76.95,80.03,80.57,84.13,86.89,85.31,84.92,87.04,87.33,83.45,79.75,72.51,64.85,55.5,46.59,37.21,31.18,26.93,23.24,20.62,19.41,18.2,15.64,13.91,12.64,11.3,10.04,9.29,8.74,7.63,6.66,5.09,3.59,2.3,1.5,0.56,0.23,0.2,0.13,0.04,0.0,0.0,0.0,0.0,0.0,0.0,0.0,0.0,0.0,0.0,0.0,0.0,0.0,0.0
Edgware Road (Bak),1,2596.48,0.23,0.63,1.14,2.21,3.23,4.61,6.4,8.5,9.74,11.73,14.74,17.83,21.28,24.58,26.12,26.55,26.64,25.19,24.51,26.08,26.06,25.27,26.23,26.56,26.03,26.59,27.35,28.42,29.51,28.97,28.92,29.45,29.0,29.62,32.39,34.17,35.06,37.13,39.96,41.72,45.06,50.23,59.47,65.88,73.22,80.11,91.43,93.47,95.96,96.8,95.88,86.52,79.69,72.1,63.1,54.74,46.95,39.86,35.03,32.21,30.06,28.9,27.76,25.6,23.37,21.9,22.02,22.12,21.62,21.62,20.98,18.98,16.67,14.83,12.22,8.58,5.63,3.36,1.59,0.51,0.13,0.0,0.0,0.0,0.0,0.0,0.0,0.0,0.0,0.0,0.0,0.0,0.0,0.0,0.0,0.0
Edgware Road (DIS),1,10210.57,3.81,6.17,10.14,14.59,20.11,26.61,37.18,47.92,62.53,80.22,101.17,127.71,151.67,168.18,175.74,177.88,167.39,152.42,138.77,133.28,130.27,125.36,123.95,123.08,120.95,115.92,116.48,120.86,126.64,125.71,127.4,127.42,125.6,122.31,125.65,128.21,131.29,134.79,140.59,145.51,151.09,161.94,179.22,192.52,209.4,230.03,263.93,287.77,317.31,331.06,347.01,315.82,302.75,276.25,246.67,208.69,197.87,164.92,141.42,130.09,116.1,99.85,93.46,84.49,75.79,70.93,70.77,66.32,64.62,64.57,64.69,62.56,59.58,53.41,46.53,40.94,30.64,21.23,14.64,8.95,1.84,0.21,0.0,0.0,0.0,0.0,0.0,0.0,0.0,0.0,0.0,0.0,0.0,0.4,0.4,0.4
Edmonton Green,4,7173.37,6.66,27.87,59.74,90.85,154.1,200.74,229.06,235.49,259.86,233.22,254.65,240.55,239.63,223.19,231.76,202.55,189.08,164.98,147.35,113.65,93.68,89.28,95.57,88.85,84.33,79.84,77.18,73.42,73.8,73.77,73.37,72.7,71.15,68.94,69.94,68.56,71.16,72.41,77.49,85.73,103.3,101.97,108.39,107.53,109.67,103.66,117.19,114.25,119.95,110.36,102.72,89.25,85.41,77.91,74.43,66.38,57.66,49.2,42.89,36.93,40.66,44.41,45.77,40.05,37.64,27.8,21.19,14.8,13.61,11.61,9.95,6.75,5.69,3.65,2.21,1.49,0.71,0.1,0.1,0.0,0.0,0.0,0.0,0.0,0.0,0.0,0.0,0.0,0.0,0.0,0.0,0.0,0.0,0.0,0.0,0.0
Elephant & Castle LU,1/2,24998.82,15.32,29.93,49.84,85.56,121.3,159.72,203.6,262.35,305.86,362.25,412.66,495.66,573.68,634.6,657.22,661.24,607.12,511.28,420.71,356.89,306.8,265.34,249.12,250.35,242.63,232.23,238.05,249.87,253.38,261.92,277.01,287.36,288.06,292.1,301.08,303.05,300.83,309.93,328.99,353.17,366.37,398.89,452.42,485.95,513.72,559.35,607.91,627.31,663.12,693.01,691.14,653.87,604.36,535.42,462.58,405.8,354.25,318.68,287.93,260.1,232.2,216.22,200.02,187.7,177.11,178.41,181.53,176.26,167.68,160.38,144.33,122.45,102.38,85.99,66.63,52.89,37.16,24.61,14.83,8.15,1.66,0.0,0.0,0.0,0.0,0.0,0.0,0.0,0.0,0.0,0.0,0.0,0.0,0.0,0.0,0.0
Elm Park,6,4742.62,25.76,47.23,75.73,101.37,137.25,164.26,188.72,201.9,225.33,239.67,253.98,252.15,246.78,218.66,187.85,149.72,122.77,99.31,85.15,71.1,63.38,57.55,54.19,50.27,47.32,47.44,43.63,41.94,40.11,39.82,37.45,37.54,37.08,37.52,35.65,35.05,33.7,31.87,31.13,32.21,34.33,36.63,39.83,40.79,41.76,43.11,45.1,45.43,46.47,46.12,44.08,40.57,37.06,33.05,29.13,24.21,19.94,16.49,13.17,11.56,9.97,9.21,8.46,8.76,7.72,8.08,7.76,7.57,6.73,6.49,5.85,4.76,4.22,3.24,2.32,1.23,0.65,0.01,0.0,0.0,0.0,0.0,0.0,0.0,0.0,0.0,0.0,0.0,0.0,0.0,0.0,0.0,0.0,7.08,7.08,7.08
Elverson Road,2/3,2370.59,5.65,8.96,13.46,18.53,21.68,24.57,32.87,42.57,53.08,68.29,87.18,101.74,108.71,109.7,101.44,86.46,70.15,56.37,45.73,38.37,33.75,28.76,26.29,25.13,24.77,24.94,24.54,24.35,24.0,23.71,22.17,22.12,22.66,22.47,22.37,22.56,22.35,21.38,21.87,22.06,25.63,29.79,33.29,35.76,39.75,40.02,41.05,40.67,42.55,41.17,40.65,37.34,33.88,29.84,26.51,22.32,20.29,19.47,17.35,16.33,15.16,13.44,12.25,10.73,9.85,8.79,7.76,7.06,6.53,5.41,5.02,4.25,4.12,9.72,10.3,9.68,9.18,8.08,1.62,0.12,0.07,0.0,0.0,0.0,0.0,0.0,0.0,0.0,0.0,0.0,0.0,0.0,0.0,0.0,0.0,0.0
Embankment,1,29718.99,6.27,9.7,19.34,37.37,55.75,77.14,104.88,130.43,163.19,189.83,224.86,255.25,292.69,289.37,292.87,276.9,256.52,219.04,207.61,198.61,190.99,185.37,187.32,189.66,188.66,193.73,206.15,219.55,232.61,244.06,257.71,273.6,280.8,288.22,301.78,315.68,325.58,340.73,371.02,393.97,422.34,448.93,501.45,538.09,586.14,630.47,702.89,751.63,832.23,896.89,947.64,949.3,925.42,853.34,773.59,677.81,599.94,532.1,477.37,437.29,417.26,403.99,404.87,408.56,434.56,473.1,540.25,660.54,709.86,684.24,642.09,552.27,395.77,297.06,240.65,184.79,129.38,82.3,48.44,24.21,5.2,0.0,0.0,0.0,0.0,0.0,0.0,0.0,0.0,0.0,0.0,0.0,0.0,0.0,0.0,0.0
Emerson Park,6,949.74,0.0,0.0,2.06,11.27,16.66,28.58,32.5,45.23,47.48,61.38,61.55,70.12,60.37,56.63,40.76,32.97,22.39,21.22,14.63,13.19,9.86,12.56,9.79,11.6,10.1,11.23,7.87,7.6,5.78,6.98,5.9,6.72,6.34,6.24,5.2,4.88,4.37,5.3,5.2,5.63,6.88,7.21,6.1,8.2,7.95,7.72,8.44,12.75,10.97,12.74,12.98,12.32,9.0,9.13,7.09,5.45,3.74,3.17,1.85,1.4,1.1,0.87,0.3,0.76,0.75,0.85,0.84,0.71,0.22,0.11,0.0,0.0,0.0,0.0,0.0,0.0,0.0,0.0,0.0,0.0,0.0,0.0,0.0,0.0,0.0,0.0,0.0,0.0,0.0,0.0,0.0,0.0,0.0,0.0,0.0,0.0
Enfield Town,5,4402.22,0.0,16.6,16.6,40.41,59.38,90.67,98.25,133.18,143.25,163.3,169.4,181.54,164.83,160.83,169.4,154.84,118.52,118.27,88.4,59.69,36.86,55.73,37.75,58.43,39.55,57.64,38.77,56.35,35.66,52.98,34.9,52.26,34.68,50.84,33.52,48.47,31.11,50.32,34.16,61.77,46.82,75.95,56.74,82.56,54.95,77.76,70.52,88.46,79.72,95.37,84.61,72.33,63.79,56.42,49.05,43.68,34.07,32.66,22.97,21.99,15.3,19.39,11.39,16.0,8.69,11.62,7.53,11.47,6.86,9.15,6.22,7.87,3.94,3.94,1.65,1.65,0.0,0.0,0.0,0.0,0.0,0.0,0.0,0.0,0.0,0.0,0.0,0.0,0.0,0.0,0.0,0.0,0.0,0.0,0.0,0.0
Epping,6,5579.96,39.0,71.72,115.15,157.43,201.63,230.83,257.46,266.77,275.73,284.25,286.94,264.33,239.5,207.43,161.89,120.19,99.13,85.72,74.5,71.37,71.63,69.7,70.18,66.98,63.22,61.18,56.93,50.79,49.41,47.51,45.63,44.62,42.79,40.08,40.15,40.91,39.68,42.04,44.26,47.48,48.14,50.93,54.34,57.35,58.75,60.77,63.93,64.61,64.51,61.64,58.16,52.16,45.78,38.12,32.39,27.45,23.08,18.66,16.35,14.07,12.74,11.73,10.75,10.86,9.65,8.2,8.16,8.42,6.84,6.85,6.82,5.99,4.8,3.71,2.9,1.96,1.07,0.3,0.4,0.15,0.13,0.11,0.11,0.0,0.0,0.0,0.0,0.0,0.0,0.0,0.0,0.0,0.0,0.0,0.0,0.0
Euston LU,1,53190.19,20.47,23.97,34.62,101.95,195.57,245.53,365.51,534.49,650.68,779.13,966.72,1145.44,1290.66,1397.67,1448.91,1435.85,1354.63,1218.59,1080.43,994.98,937.08,871.54,824.73,811.8,753.13,685.73,687.59,714.89,701.1,665.02,694.35,673.33,629.91,614.5,655.26,661.04,633.3,619.99,654.95,683.5,676.74,688.04,753.03,817.49,846.4,877.65,996.73,1091.98,1132.86,1186.05,1231.81,1238.95,1168.54,1077.93,981.04,901.45,812.32,731.2,677.58,638.03,602.87,532.48,499.21,477.08,439.31,389.36,363.89,323.35,296.68,260.78,228.7,187.71,159.18,122.48,98.79,80.32,62.69,43.75,22.93,11.87,2.44,0.0,0.0,0.0,0.0,0.0,0.0,0.0,0.0,0.0,0.0,0.0,0.0,0.0,0.0,0.0
Euston NR,1,24534.39,4.36,10.92,27.33,50.86,87.52,130.62,200.83,250.27,307.79,330.35,359.2,369.45,396.84,375.18,377.75,351.34,310.42,249.69,225.28,196.46,184.88,167.71,169.84,165.08,174.27,162.82,169.0,172.28,183.88,174.19,192.24,209.93,232.75,237.46,264.58,274.93,297.65,286.22,319.25,326.16,365.16,370.58,406.03,457.59,492.45,530.52,581.92,688.4,729.77,803.15,827.66,856.55,796.07,729.75,653.0,584.05,511.92,439.26,413.17,388.68,390.36,372.31,389.66,380.03,329.77,307.24,292.62,232.33,218.01,209.17,181.01,133.34,144.38,91.93,87.48,55.14,50.16,23.97,20.31,10.33,5.38,1.55,1.55,1.55,1.55,0.0,0.0,0.0,0.0,0.0,0.0,0.0,0.0,0.0,0.0,0.0
Euston Square,1,21842.18,8.68,12.88,16.45,25.31,34.95,44.31,59.73,97.5,139.19,195.31,264.61,338.72,422.12,477.59,502.73,491.61,455.9,375.52,305.64,261.81,231.39,212.12,219.6,220.11,208.77,203.11,208.08,204.31,209.82,213.86,238.72,247.8,248.87,250.73,268.41,259.15,255.89,260.74,289.59,306.54,329.68,370.45,438.12,469.07,502.41,538.37,602.89,625.2,669.07,682.32,688.48,636.04,575.32,501.13,466.21,419.69,378.16,350.78,333.15,302.0,279.48,262.41,254.13,237.1,214.28,192.25,179.19,155.16,141.27,127.17,119.65,103.21,92.29,79.12,66.95,54.26,44.52,32.3,20.25,12.34,4.97,0.42,0.0,0.0,0.0,0.0,0.0,0.0,0.0,0.0,0.0,0.0,0.17,0.85,0.85,0.85
Fairlop,4,1706.57,7.75,15.11,25.25,39.94,50.67,58.67,62.21,64.72,67.29,72.79,78.8,84.9,83.9,77.15,66.99,54.65,41.68,33.89,26.84,20.72,18.7,18.42,16.63,16.08,15.43,15.78,15.05,15.9,14.49,13.69,12.7,13.63,13.3,14.62,14.35,13.87,13.48,13.7,13.71,16.51,19.66,18.85,21.65,24.89,24.14,23.09,25.61,22.91,19.54,16.92,16.47,13.4,13.42,12.58,12.36,10.18,9.19,7.66,6.94,6.31,5.04,4.28,4.11,4.14,4.06,4.27,4.29,3.58,2.64,2.27,2.3,1.84,1.53,1.28,0.85,0.2,0.2,0.0,0.0,0.0,0.0,0.0,0.0,0.0,0.0,0.0,0.0,0.0,0.0,0.0,0.0,0.0,0.0,0.0,0.0,0.0
Farringdon,1,80080.86,11.09,28.12,53.97,96.38,133.74,198.93,256.67,327.86,395.54,488.97,563.68,665.42,775.5,874.19,906.01,911.6,870.83,788.77,693.29,637.25,601.11,578.02,563.44,567.6,571.93,587.32,618.94,658.51,688.43,705.93,734.49,749.99,751.5,755.84,803.09,822.03,835.28,873.26,947.63,997.52,1070.01,1173.44,1357.02,1515.34,1759.15,1976.05,2399.05,2721.53,3132.5,3405.8,3684.38,3579.17,3341.18,2920.36,2543.33,2091.8,1756.68,1508.16,1347.48,1159.38,1043.66,954.15,924.43,872.96,842.82,810.84,795.43,760.76,729.1,686.82,636.34,573.35,489.55,410.52,331.7,263.85,179.83,120.51,67.98,35.21,8.77,1.6,0.0,0.0,0.0,0.0,0.0,0.0,0.0,0.0,0.0,0.0,0.0,3.08,3.08,3.08
Finchley Central,4,8710.43,8.51,16.38,29.74,50.01,68.67,92.01,124.86,162.9,200.87,254.3,312.88,361.17,378.51,382.06,368.29,324.67,269.6,227.96,193.51,163.14,144.48,132.04,127.3,123.07,112.72,107.17,105.95,104.16,97.75,95.77,94.32,93.21,87.95,86.24,83.75,81.67,76.86,77.26,80.97,83.99,86.11,90.52,96.59,98.99,105.06,114.56,131.9,146.65,167.42,174.55,176.42,163.98,152.03,128.8,117.54,102.92,92.15,78.27,68.55,56.56,48.34,41.59,37.42,34.14,31.07,28.6,27.2,24.07,20.74,17.69,14.82,11.48,9.84,8.55,6.84,4.97,3.69,1.95,0.77,0.26,0.14,0.02,0.0,0.0,0.0,0.0,0.0,0.0,0.0,0.0,0.0,0.0,0.0,0.0,0.0,0.0
Finchley Road,2,12897.23,4.58,9.03,15.3,27.29,41.9,60.39,85.82,118.65,155.63,204.04,264.06,330.16,387.86,421.93,426.22,398.46,349.62,286.56,234.87,196.82,173.76,153.43,144.89,141.37,139.63,134.09,134.57,137.54,137.8,133.65,136.57,138.22,139.21,134.48,136.75,138.77,140.16,139.0,145.95,156.02,161.64,170.42,200.27,231.51,250.88,272.76,293.21,296.55,296.93,300.45,304.72,299.86,285.97,266.74,248.67,223.07,198.95,174.76,155.8,134.67,117.44,106.34,100.96,93.04,88.53,84.81,82.74,81.67,79.88,73.76,70.18,61.67,53.68,45.77,40.57,32.05,25.53,16.91,10.54,5.86,2.42,0.05,0.0,0.0,0.0,0.0,0.0,0.0,0.0,0.0,0.0,0.0,0.0,0.0,0.0,0.0
Finchley Road & Frognal,2,3903.39,0.0,0.11,3.15,13.96,20.76,29.89,42.39,55.35,60.51,75.64,89.89,103.41,106.75,108.26,100.07,89.23,74.29,66.2,57.07,51.47,45.75,42.87,38.69,36.99,36.09,36.89,35.31,36.86,39.04,41.19,42.92,45.74,44.7,44.12,44.32,45.46,43.97,46.56,50.29,54.65,54.43,61.73,71.96,89.84,94.04,104.7,108.49,111.24,98.93,99.52,98.64,94.59,86.15,81.19,74.62,63.15,56.2,49.89,45.04,40.23,37.34,34.07,30.75,27.25,23.94,22.86,21.41,20.76,19.88,18.48,16.92,15.18,11.27,7.91,5.46,2.59,0.92,0.39,0.39,0.21,0.05,0.0,0.0,0.0,0.0,0.0,0.0,0.0,0.0,0.0,0.0,0.0,0.0,0.0,0.0,0.0
Finsbury Park LU,2,34416.91,31.59,54.8,95.34,143.48,193.76,261.23,343.85,434.3,554.92,697.94,879.11,1117.56,1330.79,1433.31,1484.44,1420.44,1251.88,1019.82,851.94,690.95,578.65,479.19,443.87,415.78,395.44,372.4,367.51,365.26,363.61,353.76,356.94,356.5,352.92,342.47,343.5,342.56,343.49,337.19,339.71,344.21,355.22,354.22,373.55,396.36,418.9,431.8,485.73,526.37,570.95,601.93,634.28,633.52,621.36,586.53,542.29,485.75,417.24,353.6,300.67,259.43,241.41,226.27,218.38,208.24,210.54,199.82,225.4,235.36,239.58,228.57,227.04,185.44,150.77,119.85,99.26,63.41,42.24,27.15,18.34,6.54,4.65,1.48,0.3,0.04,0.04,0.0,0.0,0.0,0.0,0.0,0.0,0.0,0.18,0.18,0.18,0.18
Forest Gate,3,9872.72,23.62,42.08,82.13,130.33,176.57,208.47,249.64,261.33,266.27,279.17,311.22,338.25,350.04,357.44,353.46,331.14,284.09,248.36,213.97,180.97,151.75,137.1,133.41,130.55,122.12,116.29,111.05,110.0,103.14,99.53,99.5,103.11,99.6,100.43,104.16,108.26,104.16,102.03,101.28,106.28,112.36,115.81,124.97,134.29,136.66,134.68,144.94,152.41,154.9,155.2,157.85,153.56,146.55,132.13,122.18,106.68,89.31,71.79,65.29,57.69,51.12,47.11,46.65,43.21,38.41,35.61,33.75,30.36,26.95,24.14,21.22,18.13,14.47,11.63,9.79,7.34,5.15,3.13,1.96,0.62,0.22,0.09,0.09,0.0,0.0,0.0,0.0,0.0,0.0,0.0,0.0,0.0,0.0,0.0,0.0,0.0
Forest Hill,3,9415.73,7.0,26.9,42.7,62.3,93.02,133.21,185.51,265.29,344.59,467.32,539.97,583.13,559.52,548.66,477.04,411.94,341.57,304.45,243.73,188.81,155.64,132.15,121.83,117.68,114.06,114.46,114.81,112.61,107.57,101.38,94.25,88.66,77.49,73.22,68.67,65.5,60.68,61.14,60.14,66.59,72.63,75.86,78.9,83.72,80.83,84.19,90.75,98.78,98.27,100.91,96.83,92.16,83.3,76.18,65.37,55.29,44.63,35.49,29.91,25.77,22.72,20.17,18.68,16.48,15.28,13.95,13.83,13.97,13.95,13.58,12.83,11.27,8.54,6.64,4.42,2.61,0.95,0.46,0.11,0.11,0.11,0.11,0.0,0.0,0.0,0.0,0.0,0.0,0.0,0.0,0.0,0.0,0.0,0.0,0.0,0.0
Fulham Broadway,2,11924.12,2.32,5.2,9.91,17.12,24.59,41.42,66.57,96.22,134.47,188.3,240.55,272.78,287.6,285.06,261.23,228.45,195.65,171.08,151.01,137.45,122.61,119.15,119.49,122.44,122.43,128.47,132.14,135.72,138.47,139.04,137.63,139.87,143.47,151.03,155.07,158.43,154.76,152.22,149.62,152.33,212.1,241.8,270.71,296.34,331.8,306.14,326.78,334.4,340.13,331.36,333.91,314.26,293.37,265.31,242.61,206.22,176.21,151.45,135.74,116.48,103.64,92.38,87.8,77.44,72.96,65.57,67.99,64.14,63.32,58.75,60.03,50.77,43.79,38.18,35.33,28.84,23.88,23.88,19.45,13.46,8.96,5.08,0.0,0.0,0.0,0.0,0.0,0.0,0.0,0.0,0.0,0.0,0.0,0.0,0.0,0.0
Gallions Reach,3,3267.78,5.18,9.57,16.53,24.8,28.89,34.84,42.84,49.01,57.58,74.34,96.83,118.63,124.93,124.65,115.81,95.6,69.69,59.87,51.33,44.58,39.35,37.22,34.54,34.49,31.51,31.93,32.24,32.06,30.94,32.74,33.79,33.95,33.73,33.66,35.51,35.89,37.74,40.18,44.86,48.25,48.16,51.23,56.6,59.32,62.64,71.1,74.0,75.23,72.58,67.88,63.87,60.01,52.48,48.45,45.7,41.88,37.23,34.34,31.98,28.44,23.86,21.82,19.38,16.86,16.16,15.01,14.51,15.38,15.41,13.34,12.79,10.46,8.92,6.73,5.56,3.9,2.91,0.86,0.41,0.25,0.05,0.0,0.0,0.0,0.0,0.0,0.0,0.0,0.0,0.0,0.0,0.0,0.0,0.0,0.0,0.0
Gants Hill,4,8437.57,34.78,59.0,96.89,145.18,183.62,211.97,239.45,256.39,263.69,293.36,321.29,353.97,365.47,372.28,345.76,302.2,253.85,215.65,181.74,157.64,144.09,130.43,125.88,117.61,107.24,102.9,100.23,95.14,92.99,92.12,93.15,90.87,88.58,85.77,85.11,79.67,76.09,74.31,76.65,77.16,80.35,85.75,96.05,95.62,93.26,91.0,95.88,92.16,91.55,93.91,96.17,88.71,82.48,76.7,69.67,59.45,49.1,39.38,36.27,32.77,29.62,28.59,28.76,24.92,22.12,23.77,21.89,20.19,18.47,17.18,13.08,11.69,9.87,9.24,7.56,5.6,3.78,2.31,0.91,0.78,0.48,0.29,0.08,0.0,0.0,0.0,0.0,0.0,0.0,0.0,0.0,0.0,0.0,0.0,0.0,0.0
Gidea Park,6,6191.16,24.68,56.06,100.97,133.14,162.19,193.82,217.13,239.35,281.79,333.09,371.19,379.03,353.2,318.03,260.78,199.46,154.38,130.21,97.93,81.99,74.77,70.59,64.27,62.72,57.49,57.16,53.72,51.14,47.98,47.9,45.58,45.34,44.77,42.94,40.38,39.07,36.87,37.63,39.9,44.21,44.12,45.97,46.75,48.25,47.86,51.85,56.44,61.29,61.69,65.54,63.95,59.47,53.08,47.19,38.08,31.26,25.93,22.37,22.64,21.35,20.21,18.64,16.41,13.24,12.11,12.54,11.64,10.85,9.67,8.31,7.71,6.88,6.3,5.97,4.49,2.22,1.5,0.99,0.09,0.0,0.0,0.0,0.0,0.0,0.0,0.0,0.0,0.0,0.0,0.0,0.0,0.0,0.0,4.5,4.5,4.5
Gloucester Road,1,19834.32,2.68,6.13,12.32,20.34,33.34,48.78,67.41,91.71,124.08,168.01,225.93,295.74,359.81,400.68,419.71,413.82,386.25,347.67,325.15,307.75,292.17,276.19,269.11,255.24,243.42,236.06,237.19,237.58,237.47,233.53,236.2,234.41,232.23,228.33,236.34,234.63,239.3,243.42,267.02,275.29,296.8,319.85,374.34,400.85,444.01,476.65,534.5,543.48,562.44,562.47,582.06,545.35,516.92,476.72,441.71,378.46,330.85,286.23,258.22,229.23,207.19,185.86,174.09,160.85,146.13,135.03,138.35,138.1,134.2,130.32,126.91,116.49,105.2,93.1,88.17,72.59,53.3,34.97,21.77,6.83,1.22,0.0,0.0,0.0,0.0,0.0,0.0,0.0,0.0,0.0,0.0,0.0,0.0,0.0,0.0,0.0
Golders Green,3,10329.61,5.51,11.7,21.95,36.57,53.67,74.36,99.29,127.46,164.43,217.04,284.52,355.68,405.87,420.88,417.42,380.85,325.36,273.94,243.42,211.53,189.99,170.28,161.16,156.13,149.3,139.73,138.78,139.01,133.93,128.02,128.15,129.57,123.6,118.42,118.84,118.83,115.01,114.21,118.3,124.97,132.12,136.48,153.16,165.3,167.93,170.18,182.13,179.99,182.87,182.84,184.3,176.93,167.55,150.54,139.43,121.29,103.1,87.88,76.83,66.33,59.86,53.68,49.73,45.73,41.83,37.55,36.04,34.43,32.22,29.84,26.61,23.13,21.06,17.55,14.37,11.5,8.66,5.21,2.91,1.55,0.85,0.39,0.0,0.0,0.0,0.0,0.0,0.0,0.0,0.0,0.0,0.0,0.0,0.0,0.0,0.0
Goldhawk Road,2,3143.81,3.73,5.56,9.03,12.6,18.08,24.27,32.13,43.28,56.33,71.29,93.36,118.87,129.64,132.61,129.85,117.28,94.15,78.37,65.85,56.44,46.89,41.9,40.45,40.27,38.07,37.13,37.25,35.74,34.9,33.92,33.76,34.0,34.13,33.8,34.33,34.37,33.77,33.32,34.12,34.46,35.4,35.52,37.66,38.69,41.78,43.32,47.05,49.89,53.6,54.78,58.65,59.16,58.12,53.96,48.67,39.99,33.87,28.04,24.37,21.52,20.14,18.01,16.76,15.89,15.42,14.84,16.78,16.66,17.6,18.26,19.14,16.58,14.62,10.89,8.14,6.08,3.96,3.01,2.22,1.52,0.38,0.17,0.0,0.0,0.0,0.0,0.0,0.0,0.0,0.0,0.0,0.0,0.38,1.01,1.01,1.01
Goodge Street,1,10024.65,0.04,0.99,1.68,2.39,3.82,5.14,6.68,8.38,11.62,12.61,16.77,21.08,27.85,32.53,38.47,41.96,45.22,44.25,45.11,45.0,46.23,48.06,56.34,61.23,67.73,71.26,77.74,79.33,81.83,84.4,97.31,101.24,104.63,107.67,121.17,120.81,122.83,127.22,146.11,153.98,177.26,196.54,229.19,239.06,261.44,268.55,317.04,345.86,394.67,421.69,453.04,436.42,408.08,364.32,329.61,283.55,246.06,216.24,196.89,172.48,160.88,149.29,153.74,145.21,142.38,134.41,132.06,116.19,108.84,99.17,92.62,79.63,70.21,58.96,47.41,34.91,24.06,15.74,8.49,3.56,0.2,0.0,0.0,0.0,0.0,0.0,0.0,0.0,0.0,0.0,0.0,0.0,0.0,0.0,0.0,0.0
Goodmayes,4,7642.67,28.17,64.06,112.28,159.66,211.9,227.65,245.59,242.72,232.78,229.39,265.38,270.95,270.28,270.66,267.03,230.0,202.58,179.75,159.74,131.76,119.91,105.98,102.88,96.49,91.28,89.09,88.52,86.29,84.33,82.61,83.43,81.38,80.07,77.17,78.43,74.09,71.4,70.87,72.77,74.88,78.94,83.15,89.94,92.35,94.02,99.6,109.16,109.56,114.83,114.64,110.68,98.23,86.85,71.93,63.16,53.13,45.8,42.02,41.17,36.14,34.05,34.94,34.08,29.35,27.71,24.61,21.09,17.54,15.86,13.25,11.51,8.19,6.58,4.81,4.09,2.42,1.64,0.96,0.5,0.0,0.0,0.0,0.0,0.0,0.0,0.0,0.0,0.0,0.0,0.0,0.0,0.0,0.0,0.0,0.0,0.0
Gospel Oak,2,4349.49,0.0,0.0,3.06,8.29,14.06,19.83,28.78,36.21,45.68,55.61,72.17,85.89,95.15,98.61,99.49,89.74,79.16,71.9,63.01,55.71,51.53,47.92,45.16,45.57,45.44,45.76,46.31,47.49,47.28,47.51,50.22,54.55,57.43,59.77,61.88,62.16,60.27,57.9,60.27,80.68,99.02,104.79,115.58,125.41,118.72,108.86,117.29,116.58,114.97,108.5,109.5,100.59,93.33,86.94,81.13,71.23,62.85,54.7,46.88,40.9,34.78,31.52,31.79,28.25,25.38,24.4,24.75,23.55,21.31,23.36,25.02,24.14,19.61,17.42,11.48,5.67,1.08,0.49,0.24,0.05,0.0,0.0,0.0,0.0,0.0,0.0,0.0,0.0,0.0,0.0,0.0,0.0,0.0,0.0,0.0,0.0
Grange Hill,4,623.27,2.54,5.18,7.15,10.3,12.95,20.14,21.57,30.42,34.96,46.89,48.78,49.75,41.88,36.6,20.45,14.14,10.53,9.56,7.94,8.77,6.74,7.02,6.09,8.39,7.24,7.56,6.98,6.97,4.5,4.81,4.6,4.29,3.48,3.95,3.8,3.91,3.87,4.46,4.92,5.0,4.54,4.52,4.56,4.36,4.25,4.76,4.71,4.76,3.99,3.71,3.08,3.53,2.81,2.55,2.41,2.22,1.37,1.39,1.41,1.29,1.11,0.95,0.91,0.76,0.52,0.62,0.54,0.5,0.37,0.52,0.42,0.37,0.23,0.16,0.02,0.02,0.0,0.0,0.0,0.0,0.0,0.0,0.0,0.0,0.0,0.0,0.0,0.0,0.0,0.0,0.0,0.0,0.0,0.0,0.0,0.0
Great Portland Street,1,11183.3,2.38,4.1,5.91,8.86,12.17,15.39,18.18,24.44,32.45,42.15,56.56,73.6,90.98,100.58,107.71,109.63,110.13,101.3,96.88,93.77,91.58,88.54,90.85,92.26,94.1,95.96,100.96,106.3,112.5,116.38,121.68,122.45,122.27,123.93,126.85,128.95,130.01,136.46,148.36,164.87,188.39,207.31,238.55,263.3,289.42,309.32,363.75,391.97,427.04,447.73,463.76,435.07,402.54,356.85,315.11,266.16,230.88,203.4,182.16,163.5,151.79,139.81,136.28,128.36,120.31,114.44,112.19,102.9,93.85,88.68,83.55,74.31,66.99,58.67,47.56,35.01,24.77,15.82,10.37,5.68,2.41,0.9,0.0,0.0,0.0,0.0,0.0,0.0,0.0,0.0,0.0,0.0,0.0,0.01,0.01,0.01
Green Park,1,51295.03,8.01,13.11,24.13,31.47,36.41,44.03,58.3,63.34,70.25,81.09,90.55,95.47,103.7,123.8,141.52,154.32,168.23,181.0,193.15,204.3,222.69,235.3,258.36,281.49,308.19,332.38,377.22,411.15,439.36,450.15,470.88,477.07,488.73,501.04,543.67,573.85,609.24,645.81,719.85,773.45,839.74,902.34,1019.86,1079.74,1176.45,1254.54,1425.03,1515.56,1674.04,1769.08,1907.2,1912.44,1879.0,1746.25,1632.82,1443.04,1257.43,1106.31,1001.71,900.03,828.67,787.64,778.65,768.87,765.7,770.67,794.36,807.58,805.4,790.98,787.31,747.87,691.21,633.32,584.47,513.06,398.69,285.32,189.97,97.83,18.78,0.0,0.0,0.0,0.0,0.0,0.0,0.0,0.0,0.0,0.0,0.0,0.0,0.0,0.0,0.0
Greenford,4,5598.1,15.84,31.74,59.23,96.3,123.41,154.57,187.59,197.29,200.48,209.11,223.41,217.68,211.84,200.67,186.87,153.95,128.93,112.64,97.15,79.9,71.24,65.26,60.9,60.44,58.01,56.4,53.77,54.33,50.64,49.85,50.72,53.29,50.64,52.09,55.84,58.56,56.29,58.37,58.57,59.47,58.0,67.31,71.18,75.51,80.13,84.5,87.84,94.11,97.03,93.87,93.19,84.37,73.9,64.03,59.02,48.93,39.88,33.4,29.99,23.36,20.94,20.13,20.5,19.56,17.84,17.12,19.35,18.4,15.22,13.93,11.95,6.86,4.02,3.39,2.68,1.79,0.84,0.44,0.12,0.07,0.07,0.07,0.0,0.0,0.0,0.0,0.0,0.0,0.0,0.0,0.0,0.0,0.0,0.0,0.0,0.0
Greenwich,2/3,7231.84,8.15,11.03,22.89,26.74,51.8,53.65,95.47,103.97,159.27,186.27,262.27,292.59,350.87,303.36,325.35,247.98,218.15,158.5,164.54,104.82,113.19,82.51,77.72,74.92,73.52,71.99,72.64,70.66,68.91,69.78,68.58,67.26,67.05,68.82,69.01,68.9,69.96,71.69,71.44,72.25,81.21,88.61,97.09,102.31,114.21,116.18,130.92,143.27,159.93,161.88,166.76,151.12,137.62,116.27,103.84,87.46,76.62,62.78,56.13,47.54,43.57,39.08,38.4,36.86,34.43,31.04,29.62,26.91,24.62,22.95,19.61,19.14,15.75,11.96,7.9,5.63,1.75,1.3,0.42,0.37,0.31,0.0,0.0,0.0,0.0,0.0,0.0,0.0,0.0,0.0,0.0,0.0,0.0,0.0,0.0,0.0
Gunnersbury,3,7622.83,1.04,3.68,11.54,18.59,33.25,46.88,67.49,85.79,108.33,135.57,166.56,185.95,192.94,194.13,181.3,154.77,130.73,111.25,93.12,75.88,67.74,60.84,59.72,60.18,60.42,61.36,62.66,64.79,62.83,62.94,63.24,63.26,62.63,63.69,65.46,68.11,68.12,68.33,76.22,80.45,86.19,95.81,130.75,154.76,177.77,208.02,263.99,279.26,315.04,329.92,337.61,308.89,281.36,228.23,200.87,159.16,124.68,97.89,81.52,59.83,51.17,41.55,37.65,32.81,29.81,25.11,24.37,23.16,22.01,20.24,20.92,16.78,12.54,8.4,10.62,6.58,5.78,4.97,4.73,0.25,0.11,0.0,0.0,0.0,0.0,0.0,0.0,0.0,0.0,0.0,0.0,0.0,0.0,0.0,0.0,0.0
Hackney Central,2,8778.92,0.0,6.08,14.1,30.25,46.67,63.93,85.97,110.53,130.35,148.91,184.82,218.67,232.85,239.62,252.21,234.4,203.41,182.48,161.73,135.33,119.34,104.42,95.79,93.73,91.22,88.73,92.25,94.71,95.21,95.81,99.1,98.93,97.31,95.2,94.9,95.91,95.82,98.31,101.71,108.04,116.39,123.99,138.79,149.31,158.06,162.85,186.52,194.23,201.93,203.44,207.81,194.73,184.02,170.83,160.13,143.7,121.84,105.21,95.48,85.43,75.17,69.04,63.91,57.17,54.12,52.63,60.22,71.3,82.0,86.03,91.56,83.32,67.13,49.02,34.47,19.45,10.58,5.12,2.23,1.02,0.0,0.0,0.0,0.0,0.0,0.0,0.0,0.0,0.0,0.0,0.0,0.0,0.0,0.0,0.0,0.0
Hackney Downs,2,4414.22,2.67,5.22,7.87,17.02,21.57,33.31,63.24,86.94,91.06,126.48,133.8,157.01,152.64,178.06,155.43,156.53,110.07,100.81,70.42,63.32,48.0,48.69,41.52,43.07,39.92,42.41,39.22,43.55,40.21,42.22,40.39,44.17,42.01,45.25,42.79,45.86,42.93,44.31,44.89,50.71,51.58,62.89,68.0,75.77,74.08,82.44,82.85,91.28,92.1,98.27,94.37,93.56,84.72,77.12,69.54,62.86,49.3,41.52,35.48,30.91,26.35,26.57,24.62,24.54,22.18,22.94,21.88,25.22,25.54,29.53,28.67,28.01,23.37,19.92,13.69,9.83,6.98,4.35,2.57,1.56,0.99,0.42,0.28,0.0,0.0,0.0,0.0,0.0,0.0,0.0,0.0,0.0,0.0,0.0,0.0,0.0
Hackney Wick,2,5591.82,1.91,8.38,14.51,22.59,33.12,43.43,53.43,63.07,76.55,89.2,114.67,138.38,156.27,165.7,167.53,150.4,124.94,103.04,82.64,66.75,55.94,49.13,47.02,45.9,45.09,45.59,48.1,48.44,48.44,51.21,51.25,51.58,51.75,51.72,54.67,55.92,54.99,53.93,55.81,54.34,57.3,59.83,68.86,76.61,86.8,93.72,116.48,151.86,169.71,180.6,196.1,187.23,156.49,138.43,122.81,97.29,81.49,68.18,59.59,49.86,49.96,46.9,46.49,46.11,47.89,50.21,57.96,59.4,56.55,52.58,46.18,35.78,26.03,21.07,15.53,8.48,3.78,3.03,0.93,0.39,0.0,0.0,0.0,0.0,0.0,0.0,0.0,0.0,0.0,0.0,0.0,0.0,0.0,0.0,0.0,0.0
Haggerston,2,5273.43,1.48,3.22,7.86,17.86,27.55,36.55,48.75,63.28,72.08,88.5,114.19,147.37,167.57,183.33,190.31,177.2,147.75,123.05,100.06,78.34,66.01,59.78,55.36,53.03,49.84,47.83,47.06,47.54,47.51,50.0,50.54,50.86,50.74,50.29,48.96,49.93,47.43,49.16,51.1,53.02,55.03,61.14,66.41,73.75,85.73,97.19,110.78,114.45,121.94,123.78,135.67,138.46,141.74,133.9,126.31,103.36,85.46,68.71,60.26,50.55,45.87,39.33,38.82,36.27,35.4,34.67,35.69,35.24,32.37,29.88,28.06,24.73,21.04,18.72,16.53,11.09,6.86,3.71,2.24,0.0,0.0,0.0,0.0,0.0,0.0,0.0,0.0,0.0,0.0,0.0,0.0,0.0,0.0,0.0,0.0,0.0
Hainault,4,5336.69,38.02,79.35,135.89,187.79,219.75,242.1,244.7,231.47,231.72,243.36,261.21,261.53,254.41,230.77,201.13,155.39,128.76,107.22,94.02,77.26,71.12,64.82,62.6,57.55,53.2,52.61,50.36,45.94,44.24,45.04,43.77,41.6,40.3,39.94,38.37,35.1,34.59,35.27,34.25,33.92,34.88,34.83,35.88,37.07,37.7,41.22,44.97,45.77,44.55,44.99,42.68,38.35,34.88,32.47,28.66,24.86,21.73,18.06,15.59,12.92,10.68,9.81,10.02,9.94,9.84,9.68,9.27,8.21,6.78,6.07,5.71,5.2,4.33,3.79,2.62,1.42,0.6,0.21,0.0,0.0,0.0,0.0,0.0,0.0,0.0,0.0,0.0,0.0,0.0,0.0,0.0,0.0,0.0,0.0,0.0,0.0
Hammersmith (DIS),2,38906.19,13.78,25.12,42.75,70.08,99.21,126.72,168.61,222.44,284.13,373.19,484.58,597.39,676.64,713.75,704.89,654.79,577.4,503.02,449.74,419.82,394.36,375.1,368.91,369.58,358.28,357.81,367.33,379.13,381.95,378.56,382.38,387.43,385.2,381.89,397.43,403.89,407.82,417.96,469.41,497.3,527.13,574.73,663.1,750.74,834.69,911.77,1025.52,1109.34,1185.03,1253.46,1330.14,1287.58,1221.22,1073.61,937.33,775.81,656.46,538.24,473.5,414.25,369.65,343.1,327.5,307.35,288.72,276.34,284.98,337.25,411.35,534.36,598.58,584.02,507.57,398.69,263.94,166.14,115.44,81.87,61.13,22.42,8.27,4.08,0.0,0.0,0.0,0.0,0.0,0.0,0.0,0.0,0.0,0.0,0.0,0.0,0.0,0.0
Hammersmith (H&C),2,17149.85,8.21,13.73,24.19,38.24,54.84,79.51,114.76,158.75,212.29,279.86,361.02,436.67,495.91,523.47,509.95,473.55,415.56,350.99,296.43,266.17,233.93,209.21,196.79,194.42,189.89,186.17,188.77,192.54,191.6,188.33,189.67,193.33,192.88,191.63,194.91,198.48,198.8,200.34,213.29,222.18,235.88,252.9,282.24,306.76,332.87,351.27,379.15,400.92,426.26,439.2,448.69,438.44,410.69,364.3,320.57,272.29,229.56,191.33,162.96,142.48,127.68,116.25,112.2,106.24,100.46,96.83,95.72,99.19,109.94,124.13,132.02,124.91,107.34,82.85,55.65,32.64,20.06,11.51,5.75,1.81,0.0,0.0,0.0,0.0,0.0,0.0,0.0,0.0,0.0,0.0,0.0,0.0,2.61,4.68,4.68,4.68
Hampstead,2/3,5999.39,0.64,2.95,4.79,8.31,13.43,18.85,25.55,37.34,50.95,72.54,101.03,130.38,153.76,173.31,178.99,167.89,146.79,122.83,100.39,81.8,71.83,67.35,66.4,66.11,65.64,66.63,69.58,71.41,70.4,69.53,71.12,71.02,69.98,71.81,75.63,74.68,74.54,77.26,81.43,84.94,97.07,105.16,130.09,155.03,170.73,174.14,188.92,176.49,158.71,148.03,149.32,133.23,126.33,115.48,105.18,86.43,73.53,61.07,54.2,46.79,40.2,37.05,35.21,33.42,31.92,31.03,33.29,33.19,32.54,33.42,34.38,32.82,29.64,25.84,20.47,14.25,7.73,4.07,1.94,0.84,0.38,0.0,0.0,0.0,0.0,0.0,0.0,0.0,0.0,0.0,0.0,0.0,0.0,0.0,0.0,0.0
Hampstead Heath,2,5596.25,0.0,0.0,2.33,5.0,8.22,12.68,17.54,21.28,29.91,40.7,55.59,69.59,76.58,79.18,79.63,72.43,62.66,59.44,54.97,49.8,46.7,47.1,47.35,49.05,50.45,53.61,57.98,62.37,64.0,67.9,68.7,68.56,67.12,67.14,68.4,70.75,72.33,76.62,85.02,91.72,101.96,117.13,143.2,163.15,185.93,208.71,233.89,236.81,236.64,220.27,199.07,165.67,141.72,121.86,109.98,99.84,89.88,82.3,83.59,81.37,73.85,68.62,61.56,43.92,33.22,29.34,29.05,25.89,25.97,25.11,22.76,17.99,14.05,9.58,6.43,3.24,1.27,0.61,0.27,0.12,0.02,0.0,0.0,0.0,0.0,0.0,0.0,0.0,0.0,0.0,0.0,0.0,0.0,0.0,0.0,0.0
Hanger Lane,3,4928.29,8.3,17.55,30.82,50.24,71.33,85.11,103.75,119.86,128.34,140.39,159.23,171.39,175.37,173.59,166.19,145.82,121.24,101.37,89.27,76.31,67.09,61.57,60.12,56.9,53.37,51.59,51.24,49.9,48.14,46.48,46.32,45.81,43.98,42.87,44.4,43.55,43.61,42.98,44.55,45.68,46.6,47.78,55.52,72.23,81.27,92.04,110.92,124.52,128.29,134.16,132.99,122.74,105.53,86.44,69.87,57.71,43.85,36.01,29.18,23.77,19.4,17.25,15.59,14.06,13.4,13.39,12.82,12.64,11.79,11.09,10.15,11.83,10.49,9.35,7.8,6.38,2.31,0.98,0.42,0.14,0.0,0.0,0.0,0.0,0.0,0.0,0.0,0.0,0.0,0.0,0.0,0.0,0.0,0.0,0.0,0.0
Hanwell,4,4544.83,8.31,15.48,24.02,32.21,47.26,71.9,87.6,110.7,137.29,171.84,191.52,220.63,229.81,227.86,209.26,179.78,143.0,118.01,95.19,77.53,68.87,62.91,56.3,53.63,48.28,46.08,46.58,46.64,44.38,45.33,42.64,39.96,39.14,38.82,38.05,38.69,37.54,37.8,36.9,38.65,43.57,50.5,53.42,60.33,64.95,69.47,73.79,82.05,83.88,82.8,80.29,75.06,64.48,54.91,48.4,38.76,29.95,23.48,19.89,15.45,13.3,12.16,11.69,10.95,10.05,9.33,9.02,9.13,8.49,9.24,7.69,6.04,3.55,2.38,0.0,0.0,0.0,0.0,0.0,0.0,0.0,0.0,0.0,0.0,0.0,0.0,0.0,0.0,0.0,0.0,0.0,0.0,0.0,0.0,0.0,0.0
Harlesden,3,5102.97,4.06,9.96,21.88,34.41,44.54,56.39,73.42,83.03,97.29,123.74,138.07,146.58,139.79,140.44,121.32,112.55,93.71,90.28,74.35,65.27,53.84,49.42,47.98,43.13,39.74,39.88,40.03,39.56,42.75,45.6,47.92,47.81,47.79,47.5,47.97,49.87,55.28,61.01,71.13,82.1,89.33,99.39,119.69,130.13,140.74,149.31,157.32,156.42,149.99,144.76,140.43,132.21,111.82,100.68,83.62,69.26,52.41,43.08,36.8,32.36,27.39,23.51,23.46,22.81,19.21,17.91,20.07,20.38,17.01,17.77,17.88,15.82,12.09,11.19,9.67,6.93,4.12,2.81,1.46,0.29,0.03,0.03,0.0,0.0,0.0,0.0,0.0,0.0,0.0,0.0,0.0,0.0,0.0,0.0,0.0,0.0
Harold Wood,6,6869.2,23.85,73.86,144.51,185.39,230.95,274.05,276.55,276.65,300.85,335.06,351.6,346.13,320.73,285.95,234.44,182.9,155.77,129.37,107.7,91.92,85.87,81.37,74.36,68.78,67.76,64.56,60.47,59.49,57.76,54.08,53.68,53.15,52.98,51.45,51.7,49.97,49.43,48.46,48.13,47.64,48.91,55.26,60.42,68.92,70.85,75.58,78.94,79.69,77.01,77.52,74.37,63.63,55.61,46.38,42.09,36.57,31.91,28.42,28.17,23.77,21.17,20.4,19.58,18.71,17.86,17.28,15.7,14.77,13.47,11.68,9.94,8.23,6.87,4.15,3.26,2.26,1.76,0.65,0.49,0.0,0.0,0.0,0.0,0.0,0.0,0.0,0.0,0.0,0.0,0.0,0.0,0.0,0.0,9.2,9.2,9.2
Harringay Green Lanes,3,3106.04,0.0,0.97,3.19,12.71,19.91,32.52,41.42,51.32,54.79,63.25,64.28,70.09,72.29,63.73,63.61,54.74,48.75,43.66,42.14,34.97,37.23,32.47,28.87,30.92,28.93,25.1,27.12,27.75,27.49,29.56,28.68,29.98,29.4,30.45,28.28,33.61,31.81,33.32,34.23,38.43,40.33,48.5,46.32,57.3,62.21,70.99,74.48,88.24,86.89,88.63,89.67,84.9,80.47,72.59,69.37,52.26,48.61,41.31,38.8,31.91,35.54,30.61,28.51,27.43,24.39,24.72,29.0,26.2,27.68,29.72,24.09,20.55,20.27,13.99,8.06,7.47,1.95,0.1,0.06,0.0,0.0,0.0,0.0,0.0,0.0,0.0,0.0,0.0,0.0,0.0,0.0,0.0,0.0,0.0,0.0,0.0
Harrow & Wealdstone,5,8864.86,18.95,56.65,90.21,140.1,171.51,244.52,262.34,276.78,317.96,339.55,339.03,352.83,358.44,341.81,292.73,268.3,227.38,211.01,159.31,167.03,132.83,127.38,110.26,105.94,97.12,98.08,91.24,88.11,84.85,87.99,88.06,86.48,84.12,90.19,85.99,81.27,80.83,83.83,76.04,79.19,85.9,98.44,104.76,114.03,122.62,131.56,134.97,136.77,141.52,143.56,133.8,120.6,109.1,96.78,81.54,68.71,59.95,53.86,46.47,39.62,36.6,35.78,32.14,28.46,24.43,24.57,25.98,26.37,23.98,24.88,19.72,12.31,7.72,7.65,4.32,3.4,2.25,1.93,0.31,0.31,0.11,0.0,0.0,0.0,0.0,0.0,0.0,0.0,0.0,0.0,0.0,0.17,0.17,0.17,0.17,0.17
Harrow-on-the-Hill,5,14106.71,23.55,50.75,84.43,106.81,157.47,212.31,246.35,306.08,373.99,427.7,495.56,544.52,552.86,555.73,504.14,438.01,374.41,313.87,266.52,234.25,210.28,191.94,194.32,170.17,190.87,164.52,199.26,165.34,177.1,154.31,197.06,144.49,166.65,163.0,178.62,142.9,168.42,168.34,177.71,152.04,174.26,176.6,193.24,192.58,217.74,208.45,232.24,238.79,252.35,250.27,256.38,211.61,208.28,180.28,162.88,139.9,138.81,100.83,92.52,78.81,69.72,64.28,63.29,57.51,51.79,48.55,45.48,40.53,35.96,32.79,30.43,26.62,20.83,17.16,14.92,11.23,7.65,6.31,4.6,2.21,0.88,0.56,0.0,0.0,0.0,0.0,0.0,0.0,0.0,0.0,0.0,0.0,0.0,0.0,0.0,0.0
Hatch End,6,1450.29,1.62,4.69,8.16,11.54,13.88,22.02,23.41,32.66,52.15,82.13,86.92,93.63,87.24,70.65,46.72,39.51,34.29,32.05,30.54,24.38,22.33,19.64,18.49,18.85,18.89,18.42,19.31,19.51,19.84,19.77,18.69,16.7,16.79,13.99,12.94,13.12,13.63,13.12,13.8,15.29,14.89,16.09,16.12,15.54,14.79,15.42,14.47,15.32,14.71,13.61,12.71,12.15,10.06,9.72,9.4,8.56,7.99,7.56,6.43,5.68,5.7,4.58,4.39,4.44,5.13,4.43,5.44,5.72,5.5,4.52,4.43,3.51,3.01,2.49,2.11,1.48,0.72,0.05,0.05,0.05,0.0,0.0,0.0,0.0,0.0,0.0,0.0,0.0,0.0,0.0,0.0,0.0,0.0,0.0,0.0,0.0
Hatton Cross,5/6,4809.22,24.75,37.4,54.39,64.16,79.5,92.94,102.36,113.5,129.84,131.88,139.19,144.94,136.07,120.58,112.19,98.6,89.07,83.96,78.13,70.52,66.12,59.73,58.18,61.19,64.98,68.39,68.93,71.86,71.82,69.52,69.51,71.05,68.1,63.6,61.46,57.09,53.53,53.06,54.36,55.47,58.8,61.5,66.7,75.4,85.66,91.05,98.73,103.05,100.98,98.41,95.42,88.61,78.0,68.13,57.41,48.14,39.05,32.04,28.18,24.14,21.01,19.68,19.12,17.53,16.92,15.53,15.97,15.22,14.86,13.19,12.88,10.84,9.38,7.93,7.21,5.91,4.06,3.27,2.85,1.85,1.13,1.0,0.54,0.0,0.0,0.0,0.0,0.0,0.0,0.0,0.0,0.0,0.0,0.0,0.0,0.0
Hayes & Harlington,5,15397.86,32.53,63.89,126.33,203.37,291.16,332.87,386.64,412.0,419.88,447.9,517.59,552.39,556.75,560.73,511.73,437.81,382.15,334.83,293.21,264.1,239.06,215.37,206.9,196.91,189.31,188.39,182.6,181.27,175.43,171.87,164.51,163.56,159.65,158.57,153.96,153.39,147.63,148.59,156.85,166.3,173.52,198.15,210.74,220.37,237.11,261.44,276.74,294.17,303.97,299.41,291.14,263.6,232.61,198.12,172.2,137.4,113.67,96.64,86.69,77.59,70.79,63.26,58.92,52.37,46.08,43.17,42.15,41.13,39.85,35.54,31.35,23.18,17.52,11.97,7.63,4.24,4.23,1.52,0.9,0.75,0.55,0.56,0.21,0.21,0.21,0.01,0.0,0.0,0.0,0.0,0.0,0.36,0.36,1.88,1.87,1.87
Headstone Lane,5,1122.01,3.54,7.59,11.45,16.97,17.77,24.85,24.05,26.35,29.38,42.66,41.8,49.49,49.61,50.57,40.37,39.03,30.82,26.84,19.29,14.85,12.53,11.5,11.73,11.04,10.75,8.56,9.43,8.04,9.3,9.82,10.6,9.33,11.04,10.04,9.62,10.56,10.55,8.81,17.22,28.13,30.13,31.95,35.03,28.67,18.61,15.88,15.36,13.55,10.63,10.64,11.16,9.9,8.36,9.28,8.08,6.4,5.68,6.46,5.51,4.62,3.98,3.85,2.36,1.97,2.04,1.54,1.51,3.33,3.78,3.33,3.93,3.72,1.75,1.06,0.93,0.45,0.21,0.21,0.21,0.11,0.0,0.0,0.0,0.0,0.0,0.0,0.0,0.0,0.0,0.0,0.0,0.0,0.0,0.0,0.0,0.0
Heathrow Terminal 4 EL,6,5179.19,15.1,23.0,29.37,40.84,35.44,46.72,69.8,84.84,106.31,119.02,121.75,107.37,98.51,74.24,63.47,63.22,64.78,71.78,77.09,72.96,65.46,58.18,59.23,53.6,54.4,54.36,53.57,38.07,41.36,44.58,61.82,72.69,81.98,88.5,97.41,88.39,88.14,94.09,105.16,95.14,98.53,93.65,90.75,77.58,79.53,79.88,84.39,87.66,91.47,95.67,100.89,105.4,111.79,121.98,128.24,121.84,115.51,98.3,80.53,72.95,66.91,55.53,57.66,58.21,48.29,41.05,39.46,30.9,20.67,15.34,12.84,7.31,3.92,1.31,1.31,0.08,0.08,0.0,0.0,0.0,0.0,0.0,0.0,0.0,0.0,0.0,0.0,0.0,0.0,0.0,0.0,0.0,0.0,0.0,0.0,0.0
Heathrow Terminal 4 LU,6,2432.08,1.53,3.45,5.9,7.26,8.87,12.16,15.47,19.89,24.79,29.52,34.25,36.36,37.08,37.1,34.84,31.49,29.27,27.88,26.76,27.82,26.51,27.16,27.9,28.59,28.73,29.84,27.59,25.19,23.15,23.25,28.14,35.74,42.5,49.06,55.59,54.39,54.39,54.93,54.53,49.82,47.06,40.72,34.43,31.36,30.1,33.55,37.99,42.12,44.86,46.34,47.53,49.14,49.08,48.16,48.04,45.32,40.7,36.17,33.45,33.18,32.03,32.27,35.55,35.58,32.15,34.62,36.26,32.94,31.38,29.19,23.38,16.87,12.13,8.27,6.33,3.04,1.44,1.14,0.55,0.0,0.0,0.0,0.0,0.0,0.0,0.0,0.0,0.0,0.0,0.0,0.0,0.0,0.0,2.99,2.99,2.99
Heathrow Terminal 5 LU,6,6491.35,10.57,18.3,30.35,41.73,45.06,48.14,51.83,53.76,60.26,67.52,75.37,80.46,79.19,73.76,73.27,72.97,72.21,73.69,75.43,75.12,74.29,75.13,76.95,80.35,80.2,78.05,78.17,78.37,79.34,86.33,98.24,104.61,111.43,120.58,137.3,137.91,136.44,135.07,129.91,113.26,107.41,105.14,104.51,101.2,101.07,105.2,112.42,117.08,121.11,119.48,117.78,109.7,100.84,93.31,92.43,88.38,84.43,85.29,87.75,85.76,84.36,87.72,87.18,86.87,87.03,91.62,106.03,109.26,108.66,105.63,96.26,71.44,54.82,38.77,24.69,12.74,5.25,1.5,0.25,0.07,0.0,0.0,0.0,0.0,0.0,0.0,0.0,0.0,0.0,0.0,0.0,0.0,0.0,0.0,0.0,0.0
Heathrow Terminals 123 LU,6,9164.18,13.93,19.17,26.8,30.73,33.35,42.77,55.47,69.72,88.57,104.91,114.55,121.85,130.25,132.71,135.54,137.71,140.1,135.4,130.67,129.14,129.74,128.4,131.35,136.3,139.24,143.34,145.94,146.51,145.35,138.89,138.35,144.01,152.0,162.67,181.65,183.59,175.34,161.42,151.13,139.25,134.99,135.21,142.35,147.12,149.55,155.61,162.57,162.17,154.51,146.13,140.67,133.11,127.76,126.15,132.08,126.45,122.81,117.48,117.07,111.45,110.69,109.79,116.34,115.99,114.6,117.96,132.97,135.04,137.76,136.62,127.85,98.89,75.4,51.76,31.85,16.51,9.49,5.23,3.52,1.87,0.63,0.24,0.13,0.0,0.0,0.0,0.0,0.0,0.0,0.0,0.0,0.0,0.0,0.0,0.0,0.0
Heathrow Terminals 2 & 3 EL,6,17170.61,29.29,43.29,58.58,64.36,83.2,97.44,158.56,191.9,247.27,279.15,321.21,318.07,375.37,352.64,359.91,340.46,375.81,332.79,335.1,315.64,328.95,278.67,277.47,280.77,311.31,299.64,304.8,291.9,296.18,268.5,276.28,268.04,280.51,264.12,264.06,240.34,235.39,206.57,218.63,224.93,236.97,238.45,262.47,263.27,272.81,279.03,284.76,277.09,267.29,244.99,247.49,239.87,257.18,253.09,259.32,249.64,239.81,230.37,240.38,249.8,245.84,247.67,218.89,208.95,179.51,163.74,144.46,141.73,115.24,98.44,77.73,58.74,35.48,19.87,11.59,5.79,3.48,1.54,0.73,0.0,0.0,0.0,0.0,0.0,0.0,0.0,0.0,0.0,0.0,0.0,0.0,0.0,0.0,0.0,0.0,0.0
Hendon Central,3/4,9408.31,9.7,21.5,38.21,65.14,93.34,130.43,162.43,188.33,207.17,229.71,265.38,299.53,327.34,334.93,330.57,297.38,252.82,206.61,176.56,150.77,127.92,114.84,112.61,112.12,107.92,105.36,106.26,104.86,100.14,97.18,100.02,101.56,102.34,103.82,109.4,112.71,112.14,112.03,117.18,128.29,135.66,146.18,167.09,185.42,194.3,201.27,213.18,212.89,201.76,186.83,178.69,162.89,146.3,135.45,126.57,111.82,94.81,78.92,68.01,58.15,49.1,45.37,42.38,38.11,33.38,31.07,27.51,25.11,22.85,20.68,18.68,16.7,14.77,12.48,9.92,6.91,4.66,2.73,1.49,0.79,0.53,0.23,0.12,0.0,0.0,0.0,0.0,0.0,0.0,0.0,0.0,0.0,0.0,0.0,0.0,0.0
Heron Quays,2,8535.41,3.4,5.9,8.7,16.89,22.32,28.65,37.98,47.69,59.34,72.75,84.52,103.41,127.99,139.08,145.38,149.23,140.7,123.82,107.22,95.69,87.94,81.03,75.2,76.37,76.68,77.02,78.91,81.84,83.2,84.78,83.08,82.2,81.87,82.84,81.57,83.19,86.01,87.32,88.91,93.16,103.56,114.17,126.23,138.55,156.79,171.82,200.79,231.89,261.44,283.48,297.69,288.55,276.52,259.02,230.21,200.15,174.15,147.09,124.51,110.19,101.85,94.26,89.47,84.52,82.79,78.73,76.53,72.97,72.77,75.43,77.95,79.81,76.12,83.74,85.15,76.5,62.96,52.65,28.97,9.62,2.07,0.0,0.0,0.0,0.0,0.0,0.0,0.0,0.0,0.0,0.0,0.0,0.0,0.0,0.0,0.0
High Barnet,5,6484.57,10.78,19.62,30.73,48.24,64.49,87.15,113.4,145.42,180.19,226.35,275.58,300.98,306.98,297.56,268.57,215.94,178.19,148.84,125.9,104.21,94.04,85.38,81.19,76.61,74.28,73.74,73.47,71.35,68.24,67.19,65.94,63.37,60.53,59.4,57.09,54.79,53.92,54.9,58.15,84.56,95.19,103.8,120.42,134.66,120.76,121.13,123.97,122.44,117.51,114.77,111.02,103.45,87.97,74.18,60.03,47.32,39.32,33.05,26.98,24.79,23.43,20.08,18.3,16.6,14.22,12.28,11.3,9.95,9.36,7.81,7.34,6.12,5.19,4.1,3.56,2.15,1.57,0.69,0.27,0.11,0.11,0.0,0.0,0.0,0.0,0.0,0.0,0.0,0.0,0.0,0.0,0.0,0.0,0.0,0.0,0.0
High Street Kensington,1,16558.17,2.34,4.31,7.12,10.43,15.98,22.42,31.52,42.4,62.84,92.27,126.39,161.69,188.47,201.91,204.75,199.67,187.58,176.22,168.89,164.6,160.36,157.04,160.57,164.99,167.61,172.65,183.45,192.94,201.22,204.33,210.39,216.11,224.54,229.71,237.77,247.67,256.14,260.2,277.9,292.85,314.27,336.31,376.93,400.12,434.48,456.92,518.33,528.74,552.41,560.98,583.5,535.32,513.21,466.72,424.22,354.35,303.93,258.24,234.3,206.69,187.18,175.43,166.58,148.77,134.42,125.31,123.38,119.97,115.11,111.58,105.86,89.79,76.89,64.07,53.72,41.93,31.09,18.77,12.17,5.0,0.59,0.37,0.0,0.0,0.0,0.0,0.0,0.0,0.0,0.0,0.0,0.0,0.0,0.0,0.0,0.0
Highams Park,4,5145.09,16.33,31.24,58.89,53.91,79.54,98.03,116.92,142.53,191.84,230.94,271.21,307.21,296.24,295.97,263.42,219.09,186.18,160.33,125.06,100.21,88.74,63.26,57.36,53.72,52.68,52.01,50.6,48.21,46.96,45.97,44.1,41.69,40.24,38.2,36.3,35.18,34.58,34.2,34.93,40.86,45.84,50.07,53.16,54.69,51.84,49.89,52.65,54.15,54.76,55.17,55.13,50.09,46.55,42.67,37.29,30.92,24.77,19.34,16.45,12.35,11.57,10.9,10.4,8.54,8.62,7.48,7.04,6.74,6.59,6.65,5.89,4.61,3.5,2.53,1.0,0.41,0.0,0.0,0.0,0.0,0.0,0.0,0.0,0.0,0.0,0.0,0.0,0.0,0.0,0.0,0.0,0.0,0.0,0.0,0.0,0.0
Highbury & Islington,2,23456.37,9.99,19.49,35.63,57.31,83.36,108.92,144.57,186.6,234.85,298.0,374.15,471.25,554.98,608.73,621.75,594.57,524.54,431.68,354.44,293.74,254.53,220.87,211.14,204.66,201.74,198.19,202.68,211.0,219.26,216.74,229.52,233.31,237.2,233.31,245.07,245.39,260.02,262.55,277.06,287.12,326.43,336.95,365.92,407.1,466.66,486.82,549.23,587.58,606.16,593.83,599.64,568.41,542.47,506.52,468.11,414.45,359.18,307.87,264.72,236.53,210.77,199.34,203.92,207.88,210.87,225.15,245.4,270.83,322.07,335.73,329.3,303.58,251.62,170.17,121.61,82.87,53.3,31.13,17.9,6.91,1.45,0.0,0.0,0.0,0.0,0.0,0.0,0.0,0.0,0.0,0.0,0.0,0.0,0.0,0.0,0.0
Highgate,3,7926.37,2.37,6.69,13.73,23.59,38.17,58.08,81.66,117.03,159.08,209.26,264.8,331.17,371.16,393.69,394.5,372.74,316.91,261.2,210.92,170.65,137.33,118.44,109.77,105.43,98.97,93.24,93.14,94.42,90.58,85.71,85.39,84.92,81.08,78.74,78.34,75.17,70.03,68.82,70.93,73.86,75.45,80.32,91.48,105.96,111.44,119.1,129.21,136.74,133.65,139.37,143.5,139.11,125.93,116.18,101.37,84.32,67.81,54.91,43.3,35.1,29.94,26.19,23.07,20.64,20.12,19.02,18.72,19.05,21.18,20.55,19.22,17.73,15.32,10.89,7.69,5.5,3.22,1.55,0.52,0.18,0.11,0.0,0.0,0.0,0.0,0.0,0.0,0.0,0.0,0.0,0.0,0.0,0.0,0.0,0.0,0.0
Hillingdon,6,2562.23,7.69,12.31,24.04,34.23,43.51,56.55,71.83,84.44,104.1,120.89,130.43,131.53,121.91,105.29,87.69,71.46,58.69,50.72,43.31,36.73,32.47,29.11,27.46,26.16,25.94,26.68,26.76,26.47,25.09,23.57,22.45,21.59,20.5,20.52,21.65,20.68,20.85,21.78,23.14,32.5,37.45,39.22,40.78,42.35,36.84,35.84,38.14,41.53,40.57,39.06,38.35,35.44,29.3,26.17,22.08,17.36,13.33,10.9,9.31,8.06,6.63,5.81,5.76,5.38,4.76,4.99,5.36,5.56,4.8,4.42,3.57,2.7,1.63,1.38,1.0,0.65,0.91,0.82,0.61,0.34,0.34,0.0,0.0,0.0,0.0,0.0,0.0,0.0,0.0,0.0,0.0,0.0,0.0,0.0,0.0,0.0
Holborn,1,37340.55,1.3,4.5,8.43,12.75,17.78,23.51,32.3,40.87,51.7,61.71,73.86,87.01,103.92,116.12,131.97,148.15,154.02,155.88,165.73,171.64,176.66,186.08,209.25,223.78,239.19,259.43,297.01,322.03,351.95,370.72,401.83,423.74,436.2,443.35,478.44,483.32,486.08,501.71,555.56,588.27,637.88,685.69,782.76,811.68,872.18,929.12,1079.85,1149.84,1282.71,1342.91,1409.76,1363.92,1305.96,1183.61,1106.61,986.82,873.15,778.36,724.46,663.44,632.33,597.76,587.9,564.33,543.8,532.86,558.67,582.85,610.52,589.72,559.11,490.26,400.7,310.8,266.04,210.82,148.07,101.45,59.08,23.71,1.35,0.0,0.0,0.0,0.0,0.0,0.0,0.0,0.0,0.0,0.0,0.0,0.0,0.0,0.0,0.0
Holland Park,2,4764.97,0.61,2.36,4.96,7.62,11.87,16.76,22.04,29.97,42.8,60.82,82.5,108.4,129.28,139.12,140.23,131.71,114.04,95.54,81.4,70.41,62.74,57.38,54.26,54.38,52.76,52.12,55.0,59.92,60.81,60.38,60.87,59.85,55.96,53.82,55.72,58.08,60.03,62.72,67.54,70.95,78.4,89.1,99.84,109.64,119.08,128.63,139.03,140.67,137.53,132.94,128.64,113.82,102.76,96.0,89.13,72.65,60.56,53.65,46.24,38.42,33.45,29.5,25.71,23.1,20.74,19.5,19.54,19.8,19.0,19.31,18.81,16.67,14.34,12.34,9.42,7.43,5.67,3.6,1.66,0.83,0.1,0.0,0.0,0.0,0.0,0.0,0.0,0.0,0.0,0.0,0.0,0.0,0.0,0.0,0.0,0.0
Holloway Road,2,9019.26,2.99,6.48,12.52,21.37,32.5,42.59,55.65,70.59,87.61,106.51,138.71,182.04,227.83,249.03,262.67,256.14,236.65,192.54,167.06,149.04,140.5,122.06,118.53,120.05,120.78,112.8,113.03,122.04,127.58,125.33,135.26,141.23,143.66,138.69,140.35,132.35,128.69,124.65,132.33,137.54,147.91,157.32,174.06,185.04,200.46,210.26,237.98,238.45,233.36,219.71,211.68,180.72,163.25,148.8,134.88,115.08,100.09,87.34,76.68,69.4,63.8,57.89,54.0,52.07,50.92,47.67,46.59,43.78,40.35,34.62,33.37,28.68,25.16,20.9,17.9,11.89,8.75,5.44,2.94,1.26,0.84,0.0,0.0,0.0,0.0,0.0,0.0,0.0,0.0,0.0,0.0,0.0,0.0,0.0,0.0,0.0
Homerton,2,7540.54,0.0,9.94,21.52,39.86,54.56,72.59,91.47,112.52,130.59,159.59,200.33,246.06,269.24,279.39,282.94,266.82,221.42,187.68,162.08,136.0,110.56,96.82,91.43,87.83,82.62,81.11,80.81,82.39,81.62,80.86,80.15,80.75,78.44,74.87,75.68,76.49,76.79,74.97,80.09,82.83,90.8,94.35,112.35,124.48,138.67,148.63,178.33,180.69,181.2,176.67,170.38,145.88,134.73,122.78,111.2,97.06,84.08,70.68,64.03,59.77,57.11,52.06,48.33,41.88,34.09,27.6,26.9,25.94,24.98,23.19,22.81,20.03,15.18,11.86,9.28,5.67,2.42,2.02,0.57,0.17,0.0,0.0,0.0,0.0,0.0,0.0,0.0,0.0,0.0,0.0,0.0,0.0,0.0,0.0,0.0,0.0
Honor Oak Park,3,4624.82,7.96,14.62,20.49,31.54,45.29,61.55,80.78,111.07,143.51,197.67,233.45,264.44,268.27,269.42,235.35,202.0,166.63,142.47,111.73,90.57,72.82,62.46,56.3,52.36,48.25,49.42,47.31,47.08,44.9,44.84,41.86,41.58,37.88,35.87,34.81,34.74,31.17,31.99,31.84,30.76,31.93,37.64,40.78,46.46,50.48,54.48,54.36,57.8,56.83,59.08,57.63,59.55,54.76,53.86,46.83,42.25,35.2,30.54,23.49,19.17,14.67,11.6,9.6,11.26,12.33,11.75,11.01,11.19,7.93,6.36,6.53,5.53,4.03,3.67,2.99,1.77,1.07,0.71,0.3,0.16,0.16,0.0,0.0,0.0,0.0,0.0,0.0,0.0,0.0,0.0,0.0,0.0,0.0,0.0,0.0,0.0
Hornchurch,6,2968.46,10.35,21.1,35.46,52.43,71.14,87.54,103.51,115.46,133.82,153.33,168.44,168.69,161.21,141.07,113.39,83.37,64.93,53.89,44.37,37.46,35.5,33.94,31.69,29.48,29.35,28.73,26.63,25.88,26.39,25.78,24.96,23.63,23.79,22.21,22.41,22.4,23.23,22.45,24.99,26.13,27.21,28.56,30.6,30.9,31.59,31.28,32.68,32.82,34.54,33.88,33.68,33.08,29.96,24.73,20.8,18.01,12.82,11.22,10.56,10.34,8.75,8.37,7.89,7.26,6.13,6.33,7.15,7.4,6.74,5.81,5.75,4.56,3.46,2.36,1.89,0.92,0.37,0.06,0.06,0.0,0.0,0.0,0.0,0.0,0.0,0.0,0.0,0.0,0.0,0.0,0.0,0.0,0.0,2.48,2.48,2.48
Hounslow Central,4,5215.04,20.84,36.41,57.91,81.81,102.91,125.51,142.78,153.22,163.52,177.0,187.92,192.25,192.18,182.43,166.05,140.75,124.12,109.76,99.97,91.18,86.38,79.89,77.28,74.52,72.45,72.42,73.53,74.39,73.36,72.46,73.14,71.74,68.39,65.53,63.17,57.98,54.37,51.28,51.66,55.52,59.91,62.86,68.08,71.62,71.21,68.8,73.32,73.07,71.9,70.45,71.22,64.28,59.03,52.37,45.86,37.65,31.17,25.6,22.65,19.73,17.52,15.99,16.54,15.92,14.7,14.03,13.13,10.79,8.54,7.78,7.13,6.02,4.93,4.13,3.03,2.12,1.54,0.94,0.48,0.25,0.09,0.02,0.02,0.0,0.0,0.0,0.0,0.0,0.0,0.0,0.0,0.0,0.0,3.54,3.54,3.54
Hounslow East,4,5236.86,18.19,32.0,54.89,80.17,105.24,131.13,153.93,166.85,173.85,184.48,195.31,200.13,196.9,193.24,179.3,156.5,138.62,124.77,110.18,96.84,90.06,79.27,76.29,72.25,69.59,68.1,69.62,67.42,66.49,68.03,67.07,66.35,64.35,62.2,58.4,56.79,53.26,52.45,53.31,54.74,55.87,57.93,59.34,59.87,60.76,62.24,64.24,65.7,68.25,67.33,65.63,61.21,55.74,47.48,42.2,36.32,30.7,26.73,24.44,21.48,19.66,18.49,17.08,15.4,14.08,12.98,12.73,12.77,11.69,11.2,9.7,8.08,6.21,5.79,4.14,3.27,2.37,1.57,0.8,0.61,0.4,0.27,0.15,0.0,0.0,0.0,0.0,0.0,0.0,0.0,0.0,0.0,0.0,1.8,1.8,1.8
Hounslow West,5,4440.84,19.67,37.57,56.82,83.61,97.67,113.76,125.43,132.31,136.96,149.97,160.97,161.09,161.47,153.49,139.77,119.61,108.87,98.43,88.69,79.02,75.6,69.48,67.5,66.8,68.27,68.77,70.02,72.16,74.72,72.17,71.33,68.8,64.28,59.7,56.02,52.08,49.62,46.31,44.31,44.66,44.3,43.63,44.2,43.73,43.87,43.9,46.51,46.32,45.96,45.07,44.46,39.83,37.84,34.98,32.26,29.24,25.93,22.34,20.15,16.87,14.88,14.9,15.08,14.66,14.84,14.59,13.95,12.68,11.69,11.07,10.23,9.07,8.75,7.49,5.66,4.5,3.43,1.94,1.29,0.9,0.56,0.3,0.0,0.0,0.0,0.0,0.0,0.0,0.0,0.0,0.0,0.0,0.0,3.06,3.06,3.06
Hoxton,1/2,5729.27,1.3,3.13,6.66,13.73,19.33,24.04,30.43,37.94,44.18,55.05,72.11,93.1,109.19,115.74,119.55,113.57,98.51,81.64,72.23,63.12,55.4,48.74,47.33,45.97,44.37,43.55,46.4,49.62,52.81,55.04,57.61,57.35,55.73,54.86,55.87,55.87,59.47,61.83,68.09,72.17,77.54,85.34,90.48,92.12,97.49,106.68,124.35,137.62,152.07,162.91,190.25,187.67,183.29,176.13,169.96,135.3,114.63,102.12,89.15,76.49,69.5,66.12,68.84,67.43,64.67,65.71,67.42,63.6,61.16,58.37,56.59,50.26,44.91,37.85,30.95,20.82,12.94,5.06,2.35,0.5,0.0,0.0,0.0,0.0,0.0,0.0,0.0,0.0,0.0,0.0,0.0,0.0,0.0,0.0,0.0,0.0
Hyde Park Corner,1,5294.7,0.18,1.52,3.36,5.02,6.55,8.48,11.22,12.42,13.33,15.59,17.39,17.2,17.35,19.36,20.19,20.58,22.85,24.67,25.11,26.32,27.01,28.3,30.86,33.78,38.65,44.83,47.87,52.94,56.58,54.85,55.65,55.63,54.52,57.63,64.86,69.3,85.14,93.84,99.18,103.53,113.97,115.19,122.86,132.11,145.71,153.58,172.32,181.4,191.74,193.96,192.07,173.64,160.94,141.29,125.92,108.61,98.41,92.17,88.75,83.02,80.62,73.62,67.74,62.75,57.43,53.03,55.79,55.73,57.19,56.74,68.3,67.89,67.66,62.1,59.67,43.57,32.35,20.47,13.0,5.95,1.75,0.0,0.0,0.0,0.0,0.0,0.0,0.0,0.0,0.0,0.0,0.0,0.0,0.0,0.0,0.0
Ickenham,6,1550.13,3.82,5.34,8.4,12.53,16.23,22.23,28.66,36.83,43.6,56.52,60.39,63.16,61.74,60.54,51.66,46.19,41.53,37.0,31.28,25.82,23.6,21.71,20.43,18.54,18.65,19.01,17.96,17.27,17.13,17.61,16.26,16.21,15.11,14.85,13.35,12.55,12.35,12.97,13.66,32.68,37.51,38.72,41.14,44.7,27.97,25.23,25.62,24.92,23.97,23.91,23.7,22.73,20.66,16.57,14.05,10.39,7.81,6.27,5.35,3.83,3.82,3.23,2.51,2.41,2.01,1.95,2.93,3.58,3.29,3.15,2.89,1.75,0.95,0.59,0.59,0.57,0.63,0.55,0.47,0.6,0.5,0.25,0.25,0.24,0.0,0.0,0.0,0.0,0.0,0.0,0.0,0.0,0.0,0.0,0.0,0.0
Ilford,4,17713.76,52.3,106.79,186.22,269.61,351.57,385.11,433.54,436.73,420.33,424.54,490.97,517.61,530.78,528.57,537.54,491.58,437.15,389.71,364.65,318.87,282.89,256.92,257.67,245.58,235.08,229.26,226.51,222.91,217.07,209.96,217.36,216.54,212.57,213.65,223.72,218.84,215.4,216.95,221.99,218.99,220.02,225.42,241.48,247.96,254.64,267.98,285.86,279.06,281.13,278.08,273.9,250.61,239.2,213.49,195.74,169.73,152.25,132.67,126.33,114.7,104.77,98.67,94.97,87.4,81.4,76.69,72.74,68.9,63.77,58.65,54.46,45.3,35.88,28.13,21.24,15.42,10.04,5.77,3.0,1.96,0.2,0.1,0.0,0.0,0.0,0.0,0.0,0.0,0.0,0.0,0.0,0.0,0.0,0.0,0.0,0.0
Imperial Wharf,2,6276.98,0.01,2.66,8.77,13.96,21.87,32.5,41.75,50.01,61.32,72.37,82.47,83.45,80.22,75.07,64.6,53.36,48.81,44.76,40.24,41.19,39.49,39.03,39.08,42.9,42.56,43.64,46.15,48.92,47.19,46.27,47.25,50.08,50.79,52.99,53.15,57.77,61.34,68.82,75.03,84.47,99.51,116.64,144.69,165.8,205.85,231.1,255.22,265.81,319.36,313.74,327.71,310.15,285.01,217.66,185.26,131.61,105.51,85.11,67.57,55.82,48.8,41.04,37.28,37.26,36.85,32.59,31.14,28.83,26.18,20.8,21.57,19.47,16.06,12.51,10.61,6.01,2.98,1.27,0.34,0.0,0.0,0.0,0.0,0.0,0.0,0.0,0.0,0.0,0.0,0.0,0.0,0.0,0.0,0.0,0.0,0.0
Island Gardens,2,3801.63,3.34,6.05,9.72,14.44,19.52,23.0,32.17,42.81,54.15,71.19,94.41,113.88,126.36,134.24,131.24,117.92,101.66,87.67,74.18,62.68,55.06,47.56,43.7,41.59,41.32,40.63,41.2,41.84,43.79,46.29,47.38,48.17,47.14,44.63,41.72,41.32,40.15,38.79,40.76,76.05,91.45,96.52,106.83,118.03,92.7,82.57,83.76,78.91,70.51,65.07,62.24,58.81,54.55,50.17,44.66,41.54,34.97,30.5,28.23,26.8,22.67,21.86,22.02,20.1,17.76,17.06,16.64,15.15,12.33,11.15,9.5,7.71,5.81,8.57,10.38,9.55,9.1,8.68,4.75,1.25,0.83,0.25,0.0,0.0,0.0,0.0,0.0,0.0,0.0,0.0,0.0,0.0,0.0,0.0,0.0,0.0
Iver,CPC,938.51,2.0,3.74,6.87,8.74,11.91,15.44,19.53,23.33,28.71,39.56,45.88,48.63,46.43,40.23,32.11,21.54,15.31,13.29,16.3,10.39,10.91,8.55,10.36,6.58,9.02,7.35,14.19,9.93,11.11,8.98,10.93,4.65,8.98,8.05,10.01,8.27,8.99,4.71,5.89,5.13,8.23,9.08,12.18,13.92,20.28,19.69,23.49,23.33,22.6,16.98,16.7,14.06,13.74,11.75,11.0,9.62,8.21,5.52,5.08,3.63,3.64,1.76,1.85,1.57,1.71,0.53,1.57,5.77,6.87,6.97,6.98,5.94,1.39,0.29,0.01,0.01,0.0,0.0,0.01,0.0,0.0,0.0,0.0,0.0,0.0,0.0,0.0,0.0,0.0,0.0,0.0,0.0,0.0,0.0,0.0,0.0
Kennington,2,7877.77,7.57,13.74,22.31,33.96,51.43,62.65,82.24,104.16,130.13,152.96,189.32,229.29,273.98,294.59,306.73,293.32,265.12,215.92,180.07,148.4,126.88,105.92,95.62,89.39,85.89,81.05,81.03,81.59,81.98,79.01,80.56,81.76,82.05,82.78,83.91,81.98,79.97,79.26,79.57,82.06,87.17,90.59,100.43,107.14,116.85,121.68,134.23,139.15,147.6,151.45,162.12,161.49,157.7,147.88,136.82,117.95,102.13,87.8,76.95,66.08,58.22,50.79,47.79,45.58,46.69,47.06,50.42,52.42,50.23,46.73,43.65,36.76,28.33,23.99,18.53,13.62,10.07,7.05,3.71,2.02,0.77,0.0,0.0,0.0,0.0,0.0,0.0,0.0,0.0,0.0,0.0,0.0,0.0,0.0,0.0,0.0
Kensal Green,2,3556.3,1.88,6.78,11.48,16.33,21.48,26.98,34.89,47.88,78.13,113.21,147.71,173.17,177.29,170.02,158.94,143.33,117.51,108.9,90.94,70.33,49.6,45.13,41.08,39.22,37.34,38.47,38.28,37.78,37.16,38.16,39.74,38.52,36.04,34.65,33.86,32.84,32.16,32.5,33.07,34.5,38.85,43.04,51.31,55.25,55.83,55.63,60.46,60.22,61.87,63.5,63.76,59.46,53.52,49.28,43.56,37.02,30.65,24.32,18.56,16.18,12.61,9.28,9.66,8.62,8.17,9.7,12.73,12.56,12.5,11.58,10.04,7.89,5.96,5.39,4.6,3.09,1.31,0.76,0.27,0.0,0.0,0.0,0.0,0.0,0.0,0.0,0.0,0.0,0.0,0.0,0.0,0.0,0.0,0.0,0.0,0.0
Kensal Rise,2,5586.04,0.0,3.33,3.33,15.98,34.82,55.61,74.85,105.94,136.14,163.89,184.36,200.9,208.52,195.54,172.6,153.33,133.05,111.52,94.88,83.99,74.25,67.2,61.94,59.89,58.86,57.46,58.22,61.04,63.1,63.55,65.87,66.3,62.68,59.41,57.63,57.39,56.22,56.99,58.75,65.83,69.04,75.79,85.11,94.03,98.36,106.15,117.36,122.77,123.57,123.76,125.87,119.25,112.86,108.2,103.26,89.83,75.32,62.52,53.24,42.77,35.64,31.09,29.09,27.67,24.26,22.58,22.84,21.93,19.38,19.06,18.33,15.27,10.91,7.44,4.58,1.51,0.22,0.07,0.0,0.0,0.0,0.0,0.0,0.0,0.0,0.0,0.0,0.0,0.0,0.0,0.0,0.0,0.0,0.0,0.0,0.0
Kensington (Olympia),2,4504.36,0.59,1.67,3.51,6.02,10.88,15.89,22.51,34.45,39.17,47.32,58.08,65.33,59.93,60.02,53.42,49.14,42.15,41.56,38.41,35.64,29.14,26.46,22.77,24.38,25.21,25.73,25.69,28.24,27.93,30.22,32.54,32.52,34.02,34.02,33.82,34.55,36.62,38.8,44.57,59.11,80.31,105.43,134.91,169.43,183.7,187.0,204.46,203.71,195.04,202.42,211.16,197.84,180.55,158.99,134.74,107.54,78.04,66.72,59.94,49.19,37.98,35.35,28.45,24.42,18.76,17.48,16.19,15.54,11.39,11.38,11.65,9.72,7.38,6.56,4.7,2.34,1.15,0.59,0.24,0.0,0.0,0.0,0.0,0.0,0.0,0.0,0.0,0.0,0.0,0.0,0.0,0.0,0.0,0.0,0.0,0.0
Kentish Town,2,11327.32,5.97,11.1,20.53,30.51,47.15,62.03,81.21,101.55,127.72,157.27,188.77,219.71,245.45,266.33,267.1,258.36,242.49,221.58,193.07,171.96,156.16,140.44,129.7,123.15,120.89,119.3,118.81,119.11,119.47,117.05,114.97,114.0,110.9,109.4,109.7,109.18,110.39,114.37,117.06,121.9,128.32,137.58,147.25,156.35,167.89,182.87,199.33,207.26,220.71,228.63,229.02,217.22,215.07,204.69,190.48,174.76,161.34,141.43,120.88,104.07,89.25,76.66,67.29,63.16,62.12,90.48,130.06,178.1,228.12,279.1,273.03,252.67,216.44,169.88,114.26,83.36,52.85,29.89,14.23,4.66,0.12,0.08,0.03,0.03,0.01,0.01,0.01,0.01,0.0,0.01,0.0,0.04,0.03,0.12,0.12,0.12
Kentish Town West,2,4383.35,0.0,0.0,3.15,5.74,10.73,16.53,24.8,31.58,41.38,48.69,57.62,69.68,77.92,78.64,77.97,72.98,62.52,51.59,44.98,40.21,37.02,32.43,31.94,31.57,32.04,31.5,34.8,36.41,38.76,39.6,40.93,41.38,41.0,41.26,43.22,46.54,47.77,49.28,53.07,55.89,61.03,66.48,81.38,96.78,110.59,118.58,136.02,138.19,135.58,133.23,143.1,133.01,125.88,118.49,112.05,90.67,77.8,67.04,58.43,48.35,43.69,39.26,39.4,38.09,40.0,40.05,45.73,45.32,53.11,57.2,60.54,59.06,54.62,39.88,26.68,15.9,5.93,1.97,0.91,0.21,0.0,0.0,0.0,0.0,0.0,0.0,0.0,0.0,0.0,0.0,0.0,0.0,0.0,0.0,0.0,0.0
Kenton,4,3339.0,4.42,12.07,28.58,44.63,57.01,73.17,87.07,88.17,89.61,92.91,95.72,93.0,93.23,89.11,85.87,74.38,67.36,59.25,55.8,49.94,46.41,41.64,39.37,38.5,37.56,36.22,35.05,35.75,32.38,32.78,34.22,35.61,35.47,36.62,34.65,34.13,32.63,31.8,36.49,53.85,63.99,71.38,78.34,78.49,65.89,61.15,60.53,59.78,60.06,60.48,57.01,54.56,48.15,42.59,38.29,34.8,28.79,24.96,23.83,21.87,21.41,19.95,19.88,19.34,17.36,15.36,16.35,16.36,14.12,14.1,12.82,10.09,7.73,5.71,3.97,2.86,1.96,1.26,0.8,0.19,0.0,0.0,0.0,0.0,0.0,0.0,0.0,0.0,0.0,0.0,0.0,0.0,0.0,0.0,0.0,0.0
Kew Gardens,3/4,5321.72,0.87,2.75,5.8,12.6,19.86,28.93,51.0,85.64,116.94,163.19,200.57,214.94,200.39,191.62,158.39,129.21,106.79,96.39,78.94,67.27,61.62,56.22,53.29,52.6,56.93,57.04,59.95,61.98,62.23,61.16,64.56,63.78,63.57,66.89,68.59,67.89,67.8,71.12,75.68,82.88,94.99,109.56,125.01,133.37,138.46,135.21,140.04,135.22,128.88,122.83,117.85,102.73,89.81,80.98,74.58,61.92,50.68,42.17,33.69,22.89,20.87,17.69,16.29,15.07,15.59,13.4,12.11,11.14,9.95,8.17,7.36,7.42,6.28,4.66,3.43,1.96,0.82,0.26,0.26,0.13,0.09,0.07,0.0,0.0,0.0,0.0,0.0,0.0,0.0,0.0,0.0,0.0,0.0,0.0,0.0,0.0
Kilburn,2,9037.87,9.83,18.37,30.67,46.39,67.45,85.72,107.52,139.03,170.58,205.22,254.22,312.56,349.01,365.04,361.73,332.83,282.62,229.17,189.51,161.7,139.27,121.53,114.67,112.98,107.09,102.55,100.9,102.68,97.82,94.72,98.96,99.57,98.11,97.07,98.53,94.91,92.51,89.96,93.14,94.66,99.3,104.25,115.25,121.09,130.83,141.43,153.24,162.72,178.0,187.02,187.22,186.43,176.6,162.91,144.37,124.64,104.91,87.05,69.33,57.37,50.63,44.84,42.54,41.45,39.54,38.47,40.41,39.99,35.61,34.31,34.64,29.47,24.72,21.89,18.33,13.51,9.32,6.36,4.31,2.3,0.41,0.11,0.0,0.0,0.0,0.0,0.0,0.0,0.0,0.0,0.0,0.0,0.0,0.0,0.0,0.0
Kilburn High Road,2,1227.49,0.44,0.78,1.82,3.64,4.43,5.16,8.83,14.27,18.45,24.3,31.0,35.11,34.16,33.12,32.2,29.34,25.11,23.19,21.19,19.09,16.98,14.86,13.55,14.53,13.75,13.83,14.78,15.77,14.89,14.34,15.06,15.83,16.45,15.85,16.87,15.63,15.58,14.63,16.33,17.55,20.49,22.38,26.38,26.97,26.97,27.94,27.63,25.77,26.12,27.6,26.5,26.12,24.0,22.74,19.96,17.87,14.97,14.56,12.83,11.85,9.75,9.04,7.27,5.67,4.09,4.27,6.79,7.5,7.73,7.89,8.38,6.25,5.43,5.28,4.62,2.83,1.44,0.74,0.15,0.0,0.0,0.0,0.0,0.0,0.0,0.0,0.0,0.0,0.0,0.0,0.0,0.0,0.0,0.0,0.0,0.0
Kilburn Park,2,4498.42,2.37,5.41,9.25,15.53,22.42,29.85,37.41,49.4,62.63,80.21,103.4,138.97,164.52,177.53,182.85,173.46,146.84,120.96,102.71,89.4,78.76,70.68,67.24,66.12,61.92,59.44,58.01,58.57,55.66,52.69,53.81,54.91,52.21,51.98,52.65,51.8,52.24,51.79,54.21,55.93,62.08,64.98,71.22,72.79,81.29,80.61,83.35,81.95,83.75,82.86,83.4,79.39,78.71,73.37,62.96,54.92,49.1,41.29,36.86,32.56,27.35,23.74,21.59,18.9,17.52,15.92,15.71,15.12,14.5,13.93,14.69,13.23,11.69,11.15,10.25,7.71,5.71,4.17,1.99,0.24,0.11,0.0,0.0,0.0,0.0,0.0,0.0,0.0,0.0,0.0,0.0,0.0,0.0,0.0,0.0,0.0
King George V,3,2453.92,5.83,11.44,19.14,27.12,35.02,44.88,54.51,59.64,64.52,74.06,80.24,87.15,96.83,94.46,84.91,73.48,57.67,40.85,36.61,33.68,30.4,29.82,29.53,29.18,28.31,27.49,27.29,27.5,26.64,26.29,26.41,25.74,25.83,26.39,27.82,28.15,29.84,30.72,33.91,33.69,33.07,35.22,35.59,33.53,35.82,38.16,38.76,40.6,39.52,36.73,35.34,32.45,28.96,26.84,25.83,23.72,20.38,17.92,17.05,15.37,14.9,14.28,14.79,16.06,16.02,14.69,13.99,12.3,10.16,8.83,7.87,6.8,5.88,5.82,4.81,5.23,5.04,4.93,3.2,2.7,1.15,0.64,0.0,0.0,0.0,0.0,0.0,0.0,0.0,0.0,0.0,0.0,0.0,0.0,0.0,0.0
King's Cross St. Pancras,1,122080.69,24.01,50.76,86.21,130.13,205.05,295.92,416.64,579.03,808.28,1065.79,1367.31,1699.54,1976.56,2251.16,2403.17,2444.91,2370.51,2200.53,2009.04,1893.93,1806.42,1736.74,1779.13,1779.51,1755.24,1737.21,1754.79,1726.02,1689.91,1620.35,1589.51,1516.53,1490.63,1491.3,1524.0,1497.83,1565.52,1601.14,1619.79,1650.62,1727.63,1744.95,1857.13,1960.62,2119.93,2285.32,2503.43,2669.96,2857.14,2964.32,3068.51,3074.15,3010.25,2861.08,2695.78,2417.64,2151.38,1932.1,1762.2,1587.42,1501.1,1411.9,1373.99,1292.61,1264.2,1209.51,1222.82,1165.12,1136.45,1076.37,1036.09,915.42,781.12,661.68,531.64,392.94,282.05,189.05,102.31,48.87,16.13,0.87,0.0,0.0,0.0,0.0,0.0,0.0,0.0,0.0,0.0,0.0,0.0,2.27,2.27,2.27
Kingsbury,4,6758.92,22.49,45.55,79.59,128.17,159.29,192.57,213.55,225.99,218.45,226.71,237.9,244.75,238.47,232.42,220.06,192.06,162.8,140.99,124.53,105.53,92.39,86.05,84.97,83.8,80.73,78.08,78.01,75.41,72.07,72.14,73.87,72.28,71.23,70.25,69.29,68.41,66.78,67.55,72.91,75.38,113.83,128.36,132.45,131.25,132.29,99.06,88.91,87.26,85.9,81.83,75.31,70.79,64.31,56.84,51.75,45.7,39.79,34.67,32.32,28.79,27.54,26.59,25.48,23.38,22.23,19.99,17.98,16.34,14.47,11.85,10.75,8.72,7.15,5.8,5.05,3.58,2.78,1.97,1.26,0.7,0.29,0.13,0.0,0.0,0.0,0.0,0.0,0.0,0.0,0.0,0.0,0.0,0.0,0.0,0.0,0.0
Knightsbridge,1,21733.96,0.72,2.91,6.28,8.63,11.9,15.43,21.35,25.41,30.22,37.45,47.82,56.69,67.85,75.73,82.42,84.11,81.41,79.84,86.77,92.53,101.67,114.11,130.55,145.24,161.04,179.96,203.15,224.52,240.75,255.36,274.53,286.46,298.09,307.16,322.05,331.45,351.9,366.25,401.72,422.92,451.31,470.09,521.2,536.31,580.22,609.96,682.59,687.57,734.23,739.92,780.88,733.49,711.94,653.81,624.4,539.45,490.6,443.21,410.76,363.68,329.05,296.11,323.42,361.92,356.06,338.03,334.62,272.96,194.34,164.67,162.22,149.79,140.03,134.18,121.59,96.69,71.51,47.67,25.03,10.58,3.5,0.0,0.0,0.0,0.0,0.0,0.0,0.0,0.0,0.0,0.0,0.0,0.0,0.0,0.0,0.0
Ladbroke Grove,2,9167.41,4.58,7.37,11.18,16.17,20.65,28.88,40.9,56.83,76.56,106.94,139.8,175.31,200.41,223.3,221.1,208.77,182.58,157.11,128.18,113.68,102.83,97.39,98.36,101.5,104.5,108.52,118.92,127.92,131.79,131.57,136.22,136.19,134.76,134.61,139.23,138.93,140.49,140.35,142.03,154.88,171.87,178.84,200.7,222.96,233.49,236.1,259.06,260.97,258.0,253.97,256.15,234.11,215.62,192.93,169.27,137.97,113.25,93.49,82.71,72.58,64.7,60.13,56.57,51.41,46.09,42.94,43.64,43.56,41.65,39.79,38.2,33.61,28.95,25.1,21.19,16.7,11.45,6.71,3.87,1.94,0.32,0.25,0.0,0.0,0.0,0.0,0.0,0.0,0.0,0.0,0.0,0.0,0.31,1.01,1.01,1.01
Lambeth North,1,4412.57,2.63,3.88,6.38,10.04,14.12,16.02,21.18,26.29,31.7,40.09,51.15,63.38,77.47,85.99,89.02,89.52,85.07,76.34,71.11,68.9,63.29,59.06,55.79,54.68,52.18,51.33,52.83,53.56,53.48,52.26,55.78,55.13,57.39,57.28,58.46,57.93,58.64,58.67,63.9,71.33,77.03,86.52,95.91,101.42,107.05,113.33,126.33,132.8,134.53,134.57,132.57,115.02,100.86,92.24,80.3,66.28,59.41,52.83,47.84,44.28,41.54,38.44,38.0,35.15,36.86,35.46,33.74,31.01,28.21,21.62,20.78,18.15,15.79,13.09,10.71,7.86,5.74,3.42,1.87,0.76,0.0,0.0,0.0,0.0,0.0,0.0,0.0,0.0,0.0,0.0,0.0,0.0,0.0,0.0,0.0,0.0
Lancaster Gate,1,4358.29,0.67,1.25,2.93,4.95,7.9,11.49,18.87,28.22,36.45,48.63,63.5,86.49,98.72,112.48,114.53,117.15,105.59,98.33,90.66,92.01,85.94,81.53,77.35,73.56,67.07,64.73,60.93,61.36,61.0,60.6,57.17,56.9,53.32,51.41,48.73,50.18,50.73,53.39,57.6,63.04,65.57,69.36,74.59,78.21,83.02,92.77,100.09,103.31,105.27,102.34,95.77,89.1,83.96,75.6,69.64,59.88,50.96,42.32,36.4,33.68,31.27,28.88,28.74,27.17,25.37,25.58,25.85,25.04,26.94,28.02,29.85,30.49,30.72,28.43,24.99,19.55,14.65,9.35,5.52,2.1,0.6,0.0,0.0,0.0,0.0,0.0,0.0,0.0,0.0,0.0,0.0,0.0,0.0,0.0,0.0,0.0
Langdon Park,2,6956.26,2.99,6.09,12.95,20.52,27.72,33.68,41.96,50.08,62.78,82.09,109.58,143.81,171.95,181.12,179.53,160.67,130.56,100.96,81.78,68.83,63.33,60.44,57.66,59.14,59.31,59.25,60.7,65.34,67.78,68.56,71.6,72.85,70.36,72.64,73.73,74.27,74.05,77.13,87.39,109.92,130.49,150.14,168.31,169.16,158.19,151.06,146.25,140.41,142.12,147.38,148.14,149.12,147.02,145.76,135.75,126.47,114.07,107.2,99.01,93.84,89.18,86.96,82.86,76.29,72.88,71.71,65.92,62.05,59.42,59.1,53.32,50.48,47.4,43.57,38.94,38.3,37.95,29.7,22.88,15.03,7.32,0.0,0.0,0.0,0.0,0.0,0.0,0.0,0.0,0.0,0.0,0.0,0.0,0.0,0.0,0.0
Langley,CPC,2897.82,9.08,10.64,14.92,23.95,24.15,34.31,41.92,50.95,55.89,72.86,78.98,88.37,88.14,80.24,68.73,58.33,52.22,43.32,48.38,44.48,43.54,35.27,42.87,32.49,40.08,36.37,46.27,40.51,43.84,34.94,40.4,36.6,43.26,40.85,40.22,33.51,26.22,22.67,34.34,45.09,70.98,88.35,95.64,95.55,88.27,73.84,60.53,49.84,42.21,39.67,35.66,34.0,29.87,24.95,20.59,12.17,9.17,8.44,10.94,13.32,12.64,16.44,25.62,21.75,19.15,29.48,24.71,15.88,15.48,14.46,3.18,9.52,9.07,8.58,8.73,8.66,0.94,0.16,0.16,0.01,0.01,0.01,0.01,0.0,0.0,0.0,0.0,0.0,0.0,0.0,0.0,0.0,0.0,0.0,0.0,0.0
Latimer Road,2,3951.08,1.82,3.1,5.15,8.13,11.64,15.89,20.68,29.42,40.13,52.37,68.04,82.65,91.13,94.57,93.26,84.81,73.37,63.01,53.44,48.0,42.92,41.33,39.71,39.3,37.54,36.71,36.25,37.28,37.65,37.09,38.85,40.08,39.95,39.68,41.03,41.44,40.7,40.92,43.58,44.77,47.71,55.7,71.97,80.31,95.3,103.85,118.53,120.07,135.62,136.97,145.54,137.45,128.25,108.65,97.19,77.76,62.23,51.79,48.2,40.44,36.85,34.72,33.99,27.7,25.74,23.98,27.96,26.93,23.97,20.74,19.14,12.31,8.49,7.68,6.73,4.69,3.02,2.11,1.29,0.64,0.19,0.08,0.0,0.0,0.0,0.0,0.0,0.0,0.0,0.0,0.0,0.0,0.25,0.33,0.33,0.33
Leicester Square,1,40043.63,3.16,10.79,19.39,25.05,30.98,36.11,37.26,36.1,39.43,41.7,44.2,48.22,54.45,58.7,67.11,73.7,79.9,84.69,92.21,98.63,106.8,113.69,126.98,136.91,148.94,163.01,183.03,201.61,225.14,243.48,269.68,294.02,319.36,343.43,382.2,410.58,443.36,471.67,510.66,529.82,554.83,566.34,594.96,609.97,650.17,678.72,740.36,799.3,870.5,912.46,973.24,990.33,972.39,942.81,933.32,889.59,864.64,837.22,828.89,804.8,800.0,801.98,858.17,893.25,1034.9,1203.64,1361.17,1485.1,1567.2,1474.89,1340.31,1159.27,948.79,751.91,614.16,458.09,314.38,198.54,112.68,41.16,3.08,0.0,0.0,0.0,0.0,0.0,0.0,0.0,0.0,0.0,0.0,0.0,0.0,0.0,0.0,0.0
Lewisham DLR,2/3,11154.72,15.67,32.04,54.75,75.15,102.18,113.47,143.47,162.56,225.17,251.52,337.56,385.64,450.32,439.44,440.35,375.8,322.53,249.25,207.56,170.37,157.95,137.23,128.1,119.96,121.05,113.55,119.05,119.3,125.05,123.3,127.06,122.93,124.62,117.81,117.27,115.28,117.71,114.8,121.48,129.27,145.16,154.32,170.14,176.82,185.73,181.07,187.04,186.79,190.33,185.92,187.53,176.39,166.23,158.27,142.12,122.35,111.25,97.0,80.33,73.91,68.36,61.36,58.07,53.66,49.51,48.92,47.39,45.21,45.68,44.61,44.09,42.83,48.74,52.63,70.68,76.51,71.31,56.64,43.16,16.98,2.17,0.0,0.0,0.0,0.0,0.0,0.0,0.0,0.0,0.0,0.0,0.0,0.0,0.0,0.0,0.0
Leyton,3,14441.14,35.41,69.41,138.98,218.56,306.46,361.06,422.08,445.47,449.47,448.3,466.02,486.05,506.98,516.68,521.48,491.83,438.66,369.09,319.45,269.28,227.32,198.08,186.42,178.13,166.79,158.71,155.49,152.76,144.89,141.55,142.3,144.53,143.92,142.31,143.37,144.91,141.39,138.73,143.65,146.77,145.43,145.79,154.25,163.67,168.28,172.42,185.36,194.07,195.84,198.41,204.72,203.88,194.08,178.31,168.33,151.44,131.44,113.84,103.16,89.85,78.94,70.5,64.54,57.82,52.02,50.1,50.89,51.97,50.65,47.4,42.95,34.49,26.65,23.02,19.06,14.29,10.04,6.47,2.62,0.9,0.39,0.13,0.0,0.0,0.0,0.0,0.0,0.0,0.0,0.0,0.0,0.0,0.0,0.0,0.0,0.0
Leyton Midland Road,3,3347.09,0.0,7.58,13.95,32.09,44.45,63.92,75.65,89.79,90.06,99.08,105.43,111.82,112.53,113.19,109.08,97.87,82.85,70.67,58.86,50.07,43.17,37.12,34.31,33.56,30.76,28.97,30.94,30.81,30.72,31.29,30.71,30.68,31.4,31.51,31.98,33.88,35.1,34.23,39.07,39.67,44.48,48.69,55.78,58.85,62.65,61.43,63.65,64.72,61.04,62.85,63.15,59.82,55.19,53.09,48.97,44.52,40.37,33.44,33.76,30.46,27.09,23.87,23.65,16.29,13.36,14.85,14.65,15.04,14.05,12.22,7.87,5.84,3.49,3.27,2.51,2.08,0.78,0.43,0.0,0.0,0.0,0.0,0.0,0.0,0.0,0.0,0.0,0.0,0.0,0.0,0.0,0.0,0.0,0.0,0.0,0.0
Leytonstone,3/4,11969.67,30.18,51.62,89.54,134.99,173.19,206.59,249.36,280.49,304.47,338.07,385.75,433.85,462.0,485.1,478.29,439.34,372.68,311.75,253.62,211.58,181.99,160.79,151.79,147.67,139.69,131.95,133.03,134.58,129.17,127.2,128.88,130.69,126.67,123.2,123.73,123.35,120.8,119.99,126.18,130.57,137.96,141.17,148.62,155.99,161.92,165.51,179.78,191.52,197.06,198.22,199.01,193.46,178.24,159.06,143.59,123.97,102.02,85.48,76.38,67.66,60.33,53.13,49.91,45.37,39.69,37.64,39.05,37.59,35.79,33.68,31.09,25.67,21.06,19.37,16.52,12.07,8.88,6.99,2.81,1.19,0.59,0.25,0.0,0.0,0.0,0.0,0.0,0.0,0.0,0.0,0.0,0.0,0.0,0.0,0.0,0.0
Leytonstone High Road,3,2382.92,0.04,4.54,10.1,19.46,28.07,39.18,48.71,56.62,62.19,72.08,79.25,80.2,80.98,81.27,74.73,66.26,56.63,49.92,41.36,33.59,29.03,28.29,25.12,23.95,24.15,22.92,22.59,23.02,22.89,23.62,25.03,25.05,24.8,24.01,23.59,22.57,22.5,22.81,23.44,25.38,30.15,33.97,37.38,38.17,40.71,42.07,43.36,46.35,48.88,49.21,47.7,46.51,40.74,38.7,35.08,31.9,26.59,26.28,23.89,21.41,18.05,18.23,16.43,16.48,13.88,13.84,11.21,10.36,7.28,8.43,6.57,7.4,5.5,4.6,2.65,2.03,0.8,0.17,0.0,0.0,0.0,0.0,0.0,0.0,0.0,0.0,0.0,0.0,0.0,0.0,0.0,0.0,0.0,0.0,0.0,0.0
Limehouse DLR,2,8739.83,5.32,20.64,33.67,62.27,94.28,133.23,168.76,212.54,243.05,284.17,320.39,377.57,423.34,452.84,429.55,407.75,338.64,268.74,203.34,177.09,139.3,114.71,99.75,96.33,84.47,79.62,77.4,78.32,73.14,76.72,74.28,80.48,75.92,78.26,73.97,76.67,71.71,73.94,70.57,75.52,76.98,85.03,85.54,92.21,97.71,102.44,102.01,110.28,109.95,108.8,108.28,105.66,96.78,94.12,85.34,75.79,68.93,62.31,52.49,47.78,42.51,35.96,32.27,30.83,27.67,26.86,28.98,31.35,30.51,29.38,27.79,24.27,19.9,28.11,51.1,50.74,47.46,43.57,30.2,3.39,0.27,0.0,0.0,0.0,0.0,0.0,0.0,0.0,0.0,0.0,0.0,0.0,0.0,0.0,0.0,0.0
Liverpool Street LU,1,132385.88,39.72,75.67,125.74,240.41,347.5,475.41,659.63,844.49,1030.11,1263.03,1517.89,1766.97,2108.4,2274.63,2374.71,2343.49,2192.18,1869.0,1662.91,1510.4,1352.15,1294.5,1248.99,1258.21,1191.63,1241.23,1232.72,1321.55,1298.28,1324.7,1290.5,1342.52,1306.73,1345.97,1372.34,1443.58,1426.19,1474.84,1537.8,1640.05,1702.0,1842.98,2023.9,2200.64,2405.03,2670.77,3164.23,3704.63,4250.87,4703.78,5004.73,4921.44,4562.81,4044.13,3546.32,3036.76,2568.38,2225.29,1975.98,1721.96,1560.1,1444.51,1390.6,1335.24,1285.59,1246.55,1222.18,1168.09,1098.97,1071.69,1017.22,966.57,858.31,781.82,645.03,516.38,354.35,245.2,141.57,68.88,20.08,3.55,0.0,0.0,0.0,0.0,0.0,0.0,0.0,0.0,0.0,0.0,0.0,0.0,0.0,0.0
Liverpool Street NR,1,63530.75,37.64,60.93,85.62,120.78,162.11,192.34,256.75,295.22,335.32,345.08,387.18,376.22,406.01,397.94,397.93,363.59,353.11,306.69,290.86,265.12,271.54,249.21,264.1,258.6,279.47,276.95,311.46,315.7,352.83,361.65,401.94,407.73,458.03,461.44,521.2,533.4,587.04,599.09,694.03,712.07,805.98,883.34,1059.77,1175.52,1404.19,1630.05,1967.49,2316.54,2506.47,2812.67,2970.48,2958.31,2725.37,2569.22,2183.51,1815.93,1497.51,1249.13,1154.7,1007.45,965.11,917.19,945.29,851.98,876.45,843.28,887.94,812.7,833.86,796.29,813.08,689.53,672.71,554.35,502.35,351.38,267.26,199.68,148.79,60.04,51.79,40.63,0.0,0.0,0.0,0.0,0.0,0.0,0.0,0.0,0.0,0.0,0.38,0.38,0.38,0.38
London Bridge LU,1,98710.7,32.24,64.71,138.26,264.61,402.75,567.82,774.52,999.91,1199.18,1423.42,1682.98,1965.69,2103.89,2199.96,2146.04,2012.63,1764.43,1557.8,1367.38,1254.78,1125.09,1026.14,978.46,941.47,934.02,942.28,979.13,1008.92,1041.44,1047.89,1088.55,1109.99,1124.7,1116.87,1149.38,1154.45,1158.17,1178.08,1240.67,1278.88,1317.85,1369.2,1484.0,1555.46,1679.19,1810.89,2081.05,2269.53,2522.99,2708.42,2846.04,2774.24,2648.57,2405.95,2135.2,1844.13,1595.47,1391.91,1254.25,1137.75,1084.59,1030.93,1005.25,964.98,965.88,951.63,976.24,970.19,974.88,924.13,883.69,789.37,706.47,590.33,508.55,386.73,281.71,177.96,103.47,38.82,12.32,2.9,0.0,0.0,0.0,0.0,0.0,0.0,0.0,0.0,0.0,0.0,0.0,0.0,0.0,0.0
London City Airport,3,6204.76,6.69,14.84,23.16,38.12,47.46,58.81,66.76,87.59,96.83,111.24,116.59,118.32,112.51,111.27,106.76,98.74,99.67,88.81,75.88,67.65,62.12,50.76,46.89,48.64,50.84,59.08,68.07,76.75,83.75,90.45,90.63,89.83,92.5,93.22,93.47,96.18,99.58,99.24,106.29,111.01,113.85,136.55,142.17,151.39,153.2,183.74,189.46,196.87,189.1,198.51,167.11,144.65,133.29,120.26,98.24,86.61,70.35,57.99,48.67,38.0,33.61,29.93,28.35,27.49,28.54,26.28,24.29,20.16,18.33,15.99,15.29,15.22,15.36,16.28,19.93,23.16,22.88,19.51,15.64,8.86,2.68,0.0,0.0,0.0,0.0,0.0,0.0,0.0,0.0,0.0,0.0,0.0,0.0,0.0,0.0,0.0
London Fields,2,3019.32,0.43,0.84,4.2,7.67,11.98,19.84,23.11,29.76,34.43,48.04,57.27,90.23,90.13,109.09,126.01,126.69,106.41,101.58,82.06,53.81,42.03,31.97,34.65,33.51,32.97,33.64,33.59,33.45,35.26,35.1,34.34,33.9,32.48,30.88,30.66,30.77,29.24,28.8,28.67,31.11,31.56,35.4,39.58,44.93,46.85,52.57,62.01,68.48,71.76,75.7,78.59,74.17,67.28,59.68,52.4,43.47,35.24,29.54,27.31,25.08,22.35,21.64,21.87,19.6,18.09,16.81,15.74,13.85,12.71,11.5,10.5,8.44,7.39,6.0,4.57,3.01,1.93,0.82,0.33,0.0,0.0,0.0,0.0,0.0,0.0,0.0,0.0,0.0,0.0,0.0,0.0,0.0,0.0,0.0,0.0,0.0
Loughton,6,4763.52,12.11,22.2,42.66,61.99,83.19,102.72,131.78,152.15,183.49,214.89,239.37,248.14,247.48,227.09,195.76,159.66,128.72,102.85,85.54,71.93,66.17,59.87,56.25,53.37,51.53,50.8,50.11,49.45,48.22,46.1,43.72,42.31,39.95,39.15,38.6,37.43,36.83,36.82,52.09,58.72,60.97,61.5,66.67,55.29,51.57,54.83,61.41,62.72,64.91,66.28,65.64,59.78,53.02,44.17,38.52,30.18,23.18,18.53,16.71,14.45,13.07,12.84,11.89,10.1,8.32,8.04,7.35,7.16,6.83,6.53,6.39,5.63,4.5,3.36,2.54,1.53,0.96,0.6,0.42,0.18,0.1,0.1,0.0,0.0,0.0,0.0,0.0,0.0,0.0,0.0,0.0,0.0,0.0,1.18,1.18,1.18
Maida Vale,2,4862.98,1.84,3.78,7.04,11.7,17.56,23.99,31.93,45.38,63.68,88.96,119.69,160.0,191.11,204.67,205.92,191.52,160.72,127.53,104.91,87.25,75.93,66.58,62.8,62.81,59.41,55.98,56.68,57.06,53.27,50.34,51.67,50.67,48.83,47.84,49.97,48.43,48.54,49.15,51.66,58.88,65.14,70.39,77.39,81.84,81.18,82.89,93.61,95.84,94.64,93.83,96.93,88.61,84.81,81.24,78.13,65.79,57.55,48.64,48.63,44.87,44.5,40.01,42.35,36.32,29.89,25.6,24.42,20.75,18.8,18.59,17.5,16.44,12.42,9.84,7.82,5.21,2.65,1.49,0.75,0.0,0.0,0.0,0.0,0.0,0.0,0.0,0.0,0.0,0.0,0.0,0.0,0.0,0.0,0.0,0.0,0.0
Maidenhead,CPC,10311.66,13.36,25.94,37.38,77.86,126.69,187.26,261.2,366.36,461.85,577.36,598.37,621.56,556.75,463.92,335.18,285.08,191.36,167.89,133.57,114.49,86.57,90.99,68.68,80.34,70.6,78.65,65.61,74.2,59.52,66.14,55.22,68.85,62.94,69.24,61.05,71.75,59.78,71.34,72.66,91.97,88.18,109.07,117.96,137.5,137.04,171.71,186.24,219.06,220.8,249.02,222.67,208.92,161.31,146.83,107.11,99.74,76.98,74.65,60.74,55.6,44.42,45.43,41.63,42.44,34.04,35.89,33.81,30.84,25.24,23.77,20.55,15.12,10.3,8.22,7.17,3.35,2.0,1.57,1.33,0.5,0.13,0.04,0.04,0.04,0.01,0.01,0.01,0.0,0.0,0.0,0.11,0.11,0.11,0.97,0.97,0.86
Manor House,2/3,9584.42,9.08,18.25,34.23,54.33,75.87,99.36,128.48,156.66,190.91,223.6,266.59,311.68,355.25,374.41,382.56,371.03,341.55,287.18,244.74,211.24,180.54,149.98,141.75,137.39,129.65,121.59,121.56,119.64,113.2,107.04,105.48,104.58,104.42,104.0,106.97,109.2,107.64,102.8,106.95,112.07,111.53,110.5,117.02,123.08,126.4,129.51,143.95,151.26,152.1,153.62,159.99,157.04,152.65,146.1,136.02,121.2,103.96,87.66,73.31,63.2,54.12,48.1,44.29,42.57,41.0,39.14,37.7,36.05,32.98,29.14,27.04,23.94,21.28,18.65,15.2,11.5,8.29,5.24,2.67,1.25,0.54,0.18,0.0,0.0,0.0,0.0,0.0,0.0,0.0,0.0,0.0,0.0,0.0,0.0,0.0,0.0
Manor Park,3/4,6999.14,22.66,46.21,76.29,121.67,158.08,181.53,203.81,216.62,213.37,208.87,231.09,239.5,242.7,244.13,244.39,221.71,193.86,168.9,145.89,126.52,114.02,105.18,105.75,102.35,95.51,90.87,89.22,83.0,79.82,75.29,75.93,77.97,76.91,75.11,80.02,80.91,77.47,77.03,79.18,80.11,82.38,83.0,90.66,95.43,97.54,95.42,99.31,94.91,90.56,86.21,84.41,80.77,76.19,67.94,61.16,54.69,46.08,38.65,36.29,32.64,29.18,27.1,27.11,25.57,23.51,20.94,20.19,18.8,17.29,14.84,13.61,10.51,7.62,5.94,5.06,3.18,2.45,1.5,0.72,0.15,0.12,0.0,0.0,0.0,0.0,0.0,0.0,0.0,0.0,0.0,0.0,0.0,0.0,0.0,0.0,0.0
Mansion House,1,8818.44,0.48,1.07,1.83,2.33,2.87,4.04,5.75,8.15,10.95,13.69,17.03,20.94,25.48,29.42,33.48,36.17,38.64,37.65,39.23,39.67,42.33,42.69,45.79,47.86,51.48,55.62,65.04,71.17,76.0,78.22,79.5,77.66,80.34,80.92,86.43,89.57,92.4,95.72,104.09,109.85,118.71,128.0,151.99,169.51,190.23,215.97,275.08,324.37,388.73,440.48,482.89,478.44,453.82,405.85,356.49,297.29,245.59,202.11,169.93,144.78,129.94,119.42,112.44,104.9,98.61,93.08,89.39,83.55,78.77,73.41,70.39,63.18,55.22,45.55,40.78,30.44,20.44,14.11,9.7,3.04,0.29,0.0,0.0,0.0,0.0,0.0,0.0,0.0,0.0,0.0,0.0,0.0,0.0,0.0,0.0,0.0
Marble Arch,1,14310.94,1.68,3.87,7.56,11.65,17.68,25.33,32.7,39.95,49.64,61.3,75.97,95.26,118.87,129.7,136.73,137.01,130.57,116.22,113.5,111.18,109.45,109.44,110.99,113.37,116.82,120.81,125.65,134.14,140.75,142.82,148.41,154.54,159.89,164.99,180.17,190.18,197.51,204.9,218.64,228.01,242.33,263.9,305.72,333.87,360.68,383.94,427.47,434.37,462.98,471.16,488.22,464.94,447.23,407.78,385.38,341.87,303.36,268.19,242.91,217.07,197.14,183.41,176.23,166.24,158.17,153.89,159.98,160.16,162.8,160.07,160.07,148.91,137.76,119.72,106.04,85.09,60.7,40.01,23.67,8.91,0.79,0.0,0.0,0.0,0.0,0.0,0.0,0.0,0.0,0.0,0.0,0.0,0.0,0.0,0.0,0.0
Maryland,3,7132.28,18.59,37.15,71.72,112.43,156.13,183.53,212.43,223.03,215.09,209.48,220.21,232.86,232.38,245.45,244.36,233.41,201.0,176.33,148.48,126.35,105.01,92.7,88.8,86.44,81.32,78.06,75.52,76.0,71.99,70.69,75.28,78.77,75.77,75.48,77.68,79.27,76.76,78.3,81.14,85.39,83.88,85.85,92.63,96.09,95.15,96.63,106.81,108.66,108.72,107.38,108.51,100.9,91.86,82.06,76.55,65.96,55.06,47.34,46.57,41.81,36.47,33.77,31.84,27.28,23.36,22.13,21.98,20.44,18.32,17.36,16.17,13.1,10.56,8.36,7.23,5.31,3.82,2.83,1.84,0.65,0.12,0.03,0.03,0.0,0.0,0.0,0.0,0.0,0.0,0.0,0.0,0.0,0.0,0.0,0.0,0.0
Marylebone LU,1,15151.27,0.32,1.08,2.75,24.48,41.15,64.95,123.69,150.87,213.34,251.21,360.55,411.57,518.84,517.44,545.79,494.13,450.57,361.11,316.11,303.27,281.6,257.44,228.79,259.4,214.06,220.33,198.48,239.39,200.64,203.12,158.32,179.09,139.45,134.39,126.73,144.9,129.44,139.33,138.75,164.12,155.01,174.97,179.48,216.37,213.03,247.54,262.26,315.83,325.9,382.23,375.63,394.29,365.51,356.17,289.16,267.01,218.05,191.83,144.85,138.78,120.75,107.48,88.21,86.69,74.93,68.03,62.93,61.49,58.27,54.16,52.72,49.12,41.73,34.31,27.18,18.39,9.8,5.65,3.15,1.32,0.06,0.0,0.0,0.0,0.0,0.0,0.0,0.0,0.0,0.0,0.0,0.0,0.0,0.0,0.0,0.0
Mile End,2,18658.3,12.79,26.38,44.45,65.96,89.31,112.4,139.55,178.8,222.52,275.35,339.05,423.34,495.93,537.45,555.28,542.03,484.12,401.46,340.19,291.73,253.47,224.54,223.65,221.54,214.3,208.12,219.33,218.09,215.33,211.86,238.24,241.89,242.37,241.84,258.21,244.67,241.18,239.75,261.17,262.68,274.77,286.42,334.82,352.67,370.2,381.43,415.61,412.05,410.46,417.2,440.32,425.42,400.4,377.46,349.31,302.37,257.16,229.18,205.67,182.75,158.43,144.76,131.51,122.77,114.68,108.13,106.43,103.02,92.28,82.64,75.37,67.69,56.45,51.11,46.08,38.12,27.81,20.47,13.71,6.77,2.91,0.97,0.19,0.0,0.0,0.0,0.0,0.0,0.0,0.0,0.0,0.0,0.0,0.0,0.0,0.0
Mill Hill East,4,2945.75,5.45,8.92,15.05,21.86,33.19,47.32,62.68,77.61,103.99,140.53,164.06,184.52,195.72,186.77,158.92,124.37,97.14,73.51,57.74,44.73,43.23,38.14,36.05,33.33,30.71,29.34,28.03,26.47,25.32,24.47,25.54,25.74,24.54,23.67,24.15,22.54,21.95,24.09,24.95,24.64,24.48,24.24,24.01,26.62,34.58,41.41,42.74,43.27,42.66,36.57,30.86,28.52,25.76,22.87,19.54,16.28,14.64,12.25,9.59,8.13,7.02,5.73,5.58,5.68,5.1,4.57,4.53,3.99,3.05,2.53,2.4,1.42,1.05,1.1,0.84,0.42,0.35,0.33,0.07,0.0,0.0,0.0,0.0,0.0,0.0,0.0,0.0,0.0,0.0,0.0,0.0,0.0,0.0,0.0,0.0,0.0
Moor Park,6/7,1550.41,1.61,1.83,5.17,8.77,12.22,17.94,26.19,34.73,47.52,69.51,87.07,93.27,88.7,79.02,58.85,37.43,26.28,22.14,17.78,14.09,12.18,10.73,9.4,9.44,9.97,10.32,9.98,9.89,9.79,9.25,9.2,9.44,9.46,8.97,9.56,10.66,10.51,11.15,12.01,12.02,11.78,30.56,51.53,55.17,56.16,61.97,47.57,35.2,34.93,37.99,32.53,29.48,20.23,16.26,11.7,9.55,7.19,6.03,4.49,3.56,2.93,2.97,2.93,2.7,2.48,2.89,2.42,2.33,2.45,2.24,1.78,1.59,1.12,0.71,0.39,0.21,0.08,0.08,0.08,0.08,0.0,0.0,0.0,0.0,0.0,0.0,0.0,0.0,0.0,0.0,0.0,0.0,0.0,0.0,0.0,0.0
Moorgate,1,45089.49,6.28,10.93,19.33,28.66,38.02,52.82,74.24,93.98,116.88,136.72,167.79,194.37,219.04,229.9,255.8,259.85,255.44,239.73,235.94,220.39,211.98,203.42,213.66,218.86,227.74,232.8,255.34,270.17,289.59,303.19,327.67,340.78,353.06,354.55,374.77,382.52,395.68,414.14,474.03,502.19,558.16,611.52,714.11,782.52,903.92,1075.2,1358.82,1662.94,1953.19,2202.68,2372.28,2339.97,2212.36,1992.89,1775.27,1520.83,1306.37,1083.19,967.25,822.9,717.17,637.95,602.4,555.34,531.02,506.11,510.11,489.64,472.79,450.88,439.42,393.71,341.84,288.12,234.67,178.53,128.56,89.14,57.31,35.25,9.34,1.54,0.0,0.0,0.0,0.0,0.0,0.0,0.0,0.0,0.0,0.0,0.0,0.0,0.0,0.0
Morden,4,14468.91,62.72,96.79,147.46,202.91,247.77,324.28,389.96,451.22,499.25,562.74,634.6,681.97,679.65,668.63,619.42,513.37,419.26,354.03,296.3,245.1,210.63,190.74,177.22,169.0,159.44,157.4,155.07,152.86,144.45,142.72,137.0,132.93,129.61,129.06,126.37,123.36,119.48,116.45,117.01,115.91,117.28,119.95,130.53,138.8,150.34,165.56,184.1,199.51,208.52,211.47,209.26,197.6,176.77,160.19,143.94,122.55,103.39,87.14,72.28,60.65,53.76,49.12,45.87,42.21,39.76,36.82,34.55,34.9,31.61,28.57,26.85,23.56,17.55,14.99,11.2,7.2,4.16,1.85,0.42,0.0,0.0,0.0,0.0,0.0,0.0,0.0,0.0,0.0,0.0,0.0,0.0,0.0,0.0,0.0,0.0,0.0
Mornington Crescent,2,5141.53,0.44,0.78,1.41,2.61,4.49,7.42,11.62,17.14,22.43,29.11,35.54,45.85,53.93,59.88,61.14,61.78,57.25,50.99,46.82,43.65,40.72,37.11,36.92,37.41,39.42,39.16,42.03,43.78,44.88,44.9,45.48,44.28,44.01,44.14,44.71,47.68,51.53,54.27,56.87,60.74,66.0,71.9,81.19,90.59,108.14,121.12,148.57,176.99,237.55,262.27,275.06,263.04,237.7,175.12,144.19,118.2,97.38,86.55,77.42,63.04,58.75,57.0,58.86,59.95,58.5,56.09,53.6,44.73,37.71,38.64,38.99,35.66,32.77,30.93,23.65,15.66,10.71,7.05,4.0,1.7,0.22,0.0,0.0,0.0,0.0,0.0,0.0,0.0,0.0,0.0,0.0,0.0,0.0,0.0,0.0,0.0
Mudchute,2,2695.11,2.19,3.69,6.67,11.05,14.59,17.36,25.98,34.53,46.6,65.18,91.49,115.17,128.85,133.96,128.53,111.56,90.74,75.18,60.93,51.28,43.23,35.67,32.38,31.41,30.73,31.35,32.09,32.14,32.53,32.16,32.63,32.65,31.76,30.59,29.87,29.28,28.19,28.01,27.83,27.77,29.14,30.81,37.5,41.28,42.62,42.06,45.31,41.77,39.93,40.54,39.25,34.65,32.09,31.43,28.94,27.41,25.83,22.84,19.29,17.32,15.19,13.58,14.29,14.23,13.17,12.45,12.45,10.8,9.39,9.33,8.56,8.09,7.15,6.23,6.35,5.72,4.16,3.1,2.4,0.47,0.21,0.0,0.0,0.0,0.0,0.0,0.0,0.0,0.0,0.0,0.0,0.0,0.0,0.0,0.0,0.0
Neasden,3,4594.73,11.77,21.48,36.59,54.19,74.11,98.15,117.09,134.38,148.62,155.94,173.09,186.08,183.66,176.87,170.73,145.54,120.54,104.63,90.92,78.17,68.28,62.16,59.37,56.84,52.99,50.75,50.62,49.1,46.96,45.79,46.13,45.61,44.74,44.56,45.68,45.92,45.57,45.77,49.19,50.92,51.98,53.85,58.16,60.24,63.19,65.24,72.2,79.03,81.84,84.07,85.09,76.75,65.73,56.97,47.89,39.28,33.78,28.11,23.81,19.95,17.48,15.16,14.05,13.14,12.16,11.34,11.2,10.48,8.84,7.7,6.76,5.94,5.5,4.88,4.47,3.78,2.57,1.38,0.83,0.31,0.05,0.05,0.0,0.0,0.0,0.0,0.0,0.0,0.0,0.0,0.0,0.0,0.0,0.0,0.0,0.0
New Cross,2,7024.12,0.0,9.43,20.31,33.37,45.39,72.01,107.45,163.9,216.38,293.51,338.3,364.66,355.49,353.78,311.95,274.79,237.25,207.79,157.12,126.37,104.99,85.3,70.65,76.34,72.36,73.24,77.39,83.77,78.41,78.73,76.88,71.2,60.16,55.91,56.31,56.82,56.7,56.52,62.53,67.79,67.11,70.02,77.75,85.64,84.65,90.69,99.99,103.96,102.02,103.97,105.35,95.68,88.19,78.89,68.64,67.13,67.49,61.16,56.6,53.61,39.34,29.83,28.09,25.65,21.12,18.69,14.28,13.88,12.03,12.43,17.96,17.5,13.17,10.14,8.0,1.52,0.65,0.0,0.0,0.0,0.0,0.0,0.0,0.0,0.0,0.0,0.0,0.0,0.0,0.0,0.0,0.0,0.0,0.0,0.0,0.0
New Cross Gate,2,8539.54,8.11,14.87,26.66,40.83,61.91,78.37,104.2,124.07,153.41,173.77,199.38,196.93,212.54,201.66,208.32,184.29,189.53,160.02,147.03,114.35,108.86,90.51,93.9,90.94,91.89,87.06,91.73,91.73,93.83,92.62,99.16,97.73,97.07,97.32,104.42,101.17,101.92,101.51,109.98,113.96,124.86,131.49,150.83,158.52,167.34,172.67,194.39,195.19,198.62,202.47,204.62,190.59,182.98,171.82,162.3,147.85,132.51,116.48,106.09,96.13,87.0,80.55,74.89,70.22,60.77,54.51,48.62,45.8,41.8,38.01,37.13,35.26,30.72,24.05,19.18,12.37,7.07,3.53,1.79,0.47,0.47,0.0,0.0,0.0,0.0,0.0,0.0,0.0,0.0,0.0,0.0,0.0,0.0,0.0,0.0,0.0
Newbury Park,4,5827.96,35.71,60.17,97.01,142.97,164.4,187.11,205.13,211.09,215.1,235.41,253.98,264.83,264.02,254.97,230.32,196.5,162.43,141.21,118.74,98.87,88.52,85.02,78.58,73.78,69.54,66.49,64.41,60.68,58.11,57.0,57.73,56.02,55.77,52.83,51.56,48.07,45.09,45.1,47.07,50.95,52.54,53.87,54.22,55.95,55.58,58.49,60.54,61.66,60.91,59.64,55.19,52.33,48.09,43.84,38.77,34.89,28.62,23.98,20.55,17.81,15.41,14.07,13.87,13.08,11.52,11.42,11.97,11.01,9.18,7.61,6.45,4.56,2.88,2.16,1.67,0.8,0.24,0.14,0.07,0.07,0.0,0.0,0.0,0.0,0.0,0.0,0.0,0.0,0.0,0.0,0.0,0.0,0.0,0.0,0.0,0.0
Nine Elms,1,6987.18,1.29,4.32,8.99,15.12,22.22,32.48,42.92,55.6,75.8,100.72,138.17,193.93,246.49,274.56,283.36,269.93,233.94,183.53,148.78,130.74,120.03,106.23,103.28,101.98,99.14,90.38,90.38,93.08,95.59,91.64,93.35,92.4,91.2,84.15,84.4,83.75,82.85,81.09,85.48,86.13,91.44,91.57,97.9,100.89,112.5,115.6,125.61,135.29,149.62,153.15,160.77,157.12,146.59,130.98,116.23,94.83,80.42,67.95,56.05,45.42,41.8,38.96,36.15,33.56,31.09,27.95,27.9,27.99,27.02,26.22,25.34,21.69,18.09,15.32,12.95,10.19,7.27,4.3,2.62,1.2,0.21,0.0,0.0,0.0,0.0,0.0,0.0,0.0,0.0,0.0,0.0,0.0,0.0,0.0,0.0,0.0
North Acton,2/3,10217.13,8.83,18.81,32.28,46.39,65.1,82.32,98.7,115.49,130.39,147.92,204.36,269.45,299.1,320.67,339.91,311.68,257.81,227.11,207.57,182.0,154.58,137.11,129.85,123.35,110.91,105.38,107.72,109.63,105.91,104.44,111.44,111.48,105.62,103.37,109.72,107.35,106.37,109.9,118.13,123.43,129.24,138.24,163.7,183.85,200.73,224.61,267.8,292.18,307.85,319.29,344.38,311.88,274.94,241.79,206.45,147.05,119.09,93.91,76.94,62.48,51.62,43.94,40.22,33.67,29.82,25.47,24.47,23.05,20.97,19.71,22.19,20.96,20.86,19.71,17.91,12.03,9.32,6.03,3.33,1.79,1.37,0.76,0.0,0.0,0.0,0.0,0.0,0.0,0.0,0.0,0.0,0.0,0.0,0.0,0.0,0.0
North Ealing,3,1076.81,0.05,1.49,2.98,4.15,6.22,9.36,11.36,14.9,21.12,28.49,34.67,39.55,41.92,41.55,36.94,32.87,28.19,23.7,19.41,16.94,14.71,13.01,12.11,12.48,11.73,10.89,10.41,10.25,9.69,10.17,9.4,10.55,12.7,12.45,11.89,12.52,11.5,9.36,9.48,28.98,31.95,33.64,36.08,39.18,23.31,21.64,22.58,21.56,19.92,17.66,17.98,17.04,15.84,13.96,12.96,11.25,9.13,7.83,6.49,5.09,3.83,3.07,2.64,2.32,2.06,2.32,2.2,2.51,2.25,2.13,1.28,1.03,0.65,0.59,0.59,0.52,0.53,0.27,0.34,0.19,0.16,0.07,0.07,0.0,0.0,0.0,0.0,0.0,0.0,0.0,0.0,0.0,0.0,0.0,0.0,0.0
North Greenwich,2/3,35656.55,62.08,95.12,148.31,223.56,265.46,311.96,370.88,423.34,448.23,493.73,550.31,614.55,655.13,687.77,701.01,668.84,609.95,536.65,466.99,400.2,355.58,310.41,290.16,287.01,288.72,283.44,292.4,301.9,307.26,303.55,325.68,326.94,336.5,331.36,339.13,329.48,335.14,332.36,351.93,358.1,381.09,395.76,443.07,476.49,532.84,569.22,649.09,679.44,718.51,713.57,737.47,683.75,638.45,573.97,530.0,449.43,402.49,364.15,341.78,333.71,325.46,324.2,323.12,318.0,299.94,308.38,326.0,399.55,592.54,869.71,1147.16,1199.35,1147.46,939.96,660.75,322.76,196.62,117.64,71.86,17.26,8.87,4.55,0.0,0.0,0.0,0.0,0.0,0.0,0.0,0.0,0.0,0.0,0.0,0.0,0.0,0.0
North Harrow,5,2651.28,4.76,9.32,17.71,28.29,41.43,48.12,61.79,74.56,96.64,125.96,155.79,167.29,167.85,155.48,126.93,97.35,78.84,65.37,53.68,48.3,41.55,37.89,36.73,34.26,30.95,31.51,29.52,27.14,26.06,25.88,25.59,25.11,25.86,25.82,25.1,22.61,21.28,19.33,17.89,17.61,19.92,20.87,22.41,23.57,24.58,24.71,26.46,26.65,28.53,28.71,28.14,25.36,24.21,19.96,17.57,15.12,12.83,10.34,9.63,7.96,7.49,7.01,6.14,5.28,4.72,3.5,3.85,3.54,3.3,3.11,2.9,2.07,2.02,1.51,1.24,1.13,0.75,0.4,0.34,0.19,0.07,0.0,0.0,0.0,0.0,0.0,0.0,0.0,0.0,0.0,0.0,0.0,0.0,0.0,0.0,0.0
North Wembley,4,2614.38,5.11,8.88,23.95,38.38,47.36,59.39,70.06,72.67,75.72,88.2,97.16,97.69,96.24,92.63,84.42,70.3,64.1,55.54,49.93,43.21,39.0,36.74,36.14,31.86,27.85,24.84,23.55,22.76,24.27,25.98,28.25,28.12,26.76,24.94,25.15,24.46,25.64,27.21,34.22,42.63,48.78,53.89,56.26,53.62,48.11,44.27,43.5,42.53,41.74,39.3,39.04,34.26,31.29,27.58,24.54,20.34,16.37,13.33,11.63,10.47,9.28,8.59,8.2,8.08,7.42,6.88,7.04,6.65,5.49,4.58,4.05,3.45,3.01,2.82,2.51,1.89,1.23,0.61,0.21,0.15,0.08,0.0,0.0,0.0,0.0,0.0,0.0,0.0,0.0,0.0,0.0,0.0,0.0,0.0,0.0,0.0
Northfields,3,4295.73,8.78,12.14,19.12,27.18,34.67,47.37,67.8,91.44,119.87,163.66,199.44,218.87,223.84,218.63,191.88,161.77,134.35,111.14,91.4,74.36,63.84,57.32,54.81,52.33,48.42,46.34,46.78,45.79,42.2,42.95,43.04,43.63,42.21,42.48,41.11,40.24,36.94,36.28,41.98,45.76,51.02,54.16,60.38,58.01,57.63,55.41,58.61,59.69,62.18,62.88,65.23,62.53,57.48,52.11,47.07,39.33,32.73,26.4,22.02,17.49,14.35,12.87,12.89,12.32,12.11,11.11,10.44,9.72,8.76,8.8,8.99,8.16,6.9,6.25,4.68,3.5,2.82,2.51,1.6,1.16,0.84,0.46,0.0,0.0,0.0,0.0,0.0,0.0,0.0,0.0,0.0,0.0,0.0,0.0,0.0,0.0
Northolt,5,7197.92,39.07,61.43,98.28,145.51,179.95,210.93,240.77,259.96,272.27,275.62,299.63,304.48,296.78,282.45,264.69,226.34,196.75,171.23,151.1,134.56,116.78,107.41,103.6,97.22,88.52,87.95,85.28,83.34,80.03,79.09,77.69,76.52,74.41,71.53,68.78,65.84,62.54,59.06,61.08,61.14,64.1,68.69,71.72,71.53,74.64,76.63,77.42,82.57,84.9,82.93,79.14,77.16,68.27,61.6,57.63,51.75,42.47,35.93,29.68,24.5,20.93,19.33,17.62,16.24,15.04,14.66,14.34,13.57,13.09,12.08,10.0,7.61,6.69,5.47,3.66,2.32,1.56,0.71,0.04,0.04,0.0,0.0,0.0,0.0,0.0,0.0,0.0,0.0,0.0,0.0,0.0,0.0,0.0,0.0,0.0,0.0
Northwick Park,4,5816.13,9.42,17.66,34.59,54.4,74.6,84.74,97.93,102.49,107.76,119.4,136.37,151.84,160.62,160.59,149.51,126.5,102.39,84.27,71.44,62.2,59.1,57.1,56.21,55.41,54.33,57.49,61.87,64.14,67.39,69.73,74.15,73.84,71.61,69.42,70.16,66.03,64.89,68.78,73.54,78.09,82.89,92.04,107.53,115.61,128.85,141.96,161.81,166.56,170.48,165.81,159.1,134.13,114.77,96.58,80.73,65.79,58.74,53.42,57.06,58.19,56.25,51.43,47.08,36.74,28.03,24.66,24.88,21.2,18.59,17.11,14.45,9.65,8.1,6.97,5.68,4.08,2.93,1.87,1.26,0.71,0.26,0.14,0.0,0.0,0.0,0.0,0.0,0.0,0.0,0.0,0.0,0.0,0.0,0.0,0.0,0.0
Northwood,6,3884.9,4.47,9.13,16.68,29.49,43.17,50.65,66.68,81.35,104.09,136.25,172.54,184.16,186.52,174.35,147.05,109.96,89.92,77.02,63.94,55.15,52.34,48.05,45.97,44.54,43.93,44.81,46.6,44.42,42.7,40.89,40.15,36.73,35.56,33.75,32.92,30.69,31.17,32.06,35.39,36.79,46.05,50.85,87.67,95.76,101.66,99.21,105.12,76.52,73.71,70.74,68.57,58.9,50.62,41.38,35.63,29.0,24.93,20.05,19.29,16.29,13.68,11.15,10.2,8.28,7.44,6.75,7.42,7.8,7.22,6.7,6.95,5.37,4.04,2.91,2.32,1.15,0.78,0.48,0.19,0.06,0.0,0.0,0.0,0.0,0.0,0.0,0.0,0.0,0.0,0.0,0.0,0.0,0.0,0.0,0.0,0.0
Northwood Hills,6,2480.43,4.23,8.71,16.66,26.91,37.74,44.52,56.42,68.74,83.75,105.92,125.57,133.81,131.04,121.71,102.01,80.71,62.69,51.35,42.22,35.82,32.09,31.18,30.74,29.24,28.58,28.25,26.65,25.71,24.9,22.51,21.33,21.82,20.41,19.77,19.36,19.79,18.89,21.19,24.45,30.27,36.92,40.22,42.09,40.3,38.05,33.33,33.0,30.91,33.37,32.82,32.82,30.87,29.5,24.67,21.46,16.48,13.17,10.91,9.96,8.01,7.78,7.6,7.04,6.08,6.05,5.8,6.0,5.51,5.44,5.12,4.84,4.08,3.69,2.91,2.24,1.56,0.94,0.6,0.42,0.11,0.07,0.04,0.0,0.0,0.0,0.0,0.0,0.0,0.0,0.0,0.0,0.0,0.0,0.0,0.0,0.0
Norwood Junction,4,8242.0,15.02,27.79,61.94,87.76,123.82,164.5,227.61,245.58,328.13,355.06,444.76,411.99,461.77,406.16,405.61,304.13,298.76,220.14,190.2,144.22,129.72,108.73,107.92,96.34,97.4,91.57,94.25,85.44,86.71,79.02,82.88,76.21,77.57,71.53,74.36,65.89,66.52,63.67,68.27,66.8,70.65,70.18,74.89,72.98,80.13,81.94,92.87,88.82,96.84,93.75,96.69,88.77,89.89,77.63,68.27,56.51,49.1,39.07,34.93,30.96,27.42,21.28,20.57,16.24,13.34,11.16,10.55,9.16,9.72,9.32,7.76,6.19,4.52,2.55,1.02,0.37,0.19,0.03,0.0,0.0,0.0,0.0,0.0,0.0,0.0,0.0,0.0,0.0,0.0,0.0,0.0,0.0,0.0,0.0,0.0,0.0
Notting Hill Gate,1/2,18384.58,3.41,7.26,16.19,27.88,41.17,52.93,71.79,93.19,126.4,169.01,229.61,294.49,364.29,403.5,417.01,401.47,362.33,301.36,259.98,234.32,215.15,204.66,205.19,205.0,206.33,209.57,222.59,232.8,238.76,237.84,241.98,238.78,236.64,235.06,240.67,249.01,257.4,261.78,275.63,291.49,308.66,323.83,351.76,378.08,411.19,428.27,471.93,488.62,499.04,488.75,500.33,478.52,455.37,417.44,390.69,335.18,279.69,239.57,214.04,184.05,166.18,159.62,156.33,151.09,146.36,140.58,134.91,130.81,125.34,119.09,116.97,111.63,103.44,92.88,84.31,75.51,57.56,39.66,26.8,14.45,2.16,0.0,0.0,0.0,0.0,0.0,0.0,0.0,0.0,0.0,0.0,0.0,0.0,0.0,0.0,0.0
Oakwood,5,3673.72,10.08,16.46,25.95,36.83,47.73,62.99,77.65,91.25,107.96,128.7,148.49,157.34,162.05,157.2,143.63,124.3,109.22,94.97,84.45,74.11,64.66,59.72,56.43,50.58,47.01,46.79,45.73,44.62,43.96,42.28,41.01,38.09,35.08,33.19,33.38,33.58,33.84,34.56,34.83,41.35,47.08,53.16,56.04,58.57,55.0,50.43,48.76,49.23,52.02,51.14,52.07,50.46,46.02,39.83,35.54,28.14,21.27,17.64,14.96,12.36,11.72,11.37,10.78,9.66,8.77,7.75,7.12,7.57,6.99,6.73,5.9,5.35,3.84,3.0,2.08,1.57,1.01,0.54,0.09,0.09,0.0,0.0,0.0,0.0,0.0,0.0,0.0,0.0,0.0,0.0,0.0,0.0,0.0,0.0,0.0,0.0
Old Street,1,30142.63,0.15,5.29,14.37,24.69,39.33,58.45,75.76,95.81,120.71,150.01,186.38,238.95,295.13,333.35,355.44,359.41,344.57,304.62,275.92,255.11,245.6,225.38,226.02,225.22,229.12,224.64,235.58,246.08,263.43,270.3,285.21,291.97,295.07,287.98,293.46,295.18,303.55,304.97,329.92,346.59,368.2,380.31,433.18,461.35,518.54,589.73,746.65,859.75,1037.59,1168.93,1303.62,1326.36,1302.66,1171.81,1042.43,869.68,711.9,591.44,523.71,457.54,416.89,384.06,375.7,360.67,362.57,355.77,361.29,356.51,347.22,332.76,321.73,294.21,253.2,223.09,184.42,144.35,102.7,74.03,41.87,21.97,3.53,0.0,0.0,0.0,0.0,0.0,0.0,0.0,0.0,0.0,0.0,0.0,0.0,0.0,0.0,0.0
Osterley,4,2848.71,6.63,11.67,20.19,30.34,38.7,50.57,63.74,74.61,85.89,105.01,117.36,122.81,123.46,117.77,99.66,82.47,67.98,55.67,47.41,43.15,40.68,38.7,37.75,36.09,33.93,32.75,32.93,32.39,31.95,33.53,33.84,31.21,30.23,30.23,28.99,27.09,27.24,27.67,29.0,30.07,35.68,39.85,43.4,45.34,48.11,47.29,49.53,52.43,53.43,54.72,53.98,50.32,42.98,38.53,30.64,24.37,19.18,15.63,11.35,9.6,8.48,7.29,7.07,6.4,5.26,4.58,4.25,4.06,3.64,3.24,3.02,2.42,1.88,1.64,1.4,1.0,0.78,0.47,0.2,0.1,0.1,0.0,0.0,0.0,0.0,0.0,0.0,0.0,0.0,0.0,0.0,0.0,0.0,1.24,1.24,1.24
Oval,2,8903.93,8.1,15.38,23.89,37.43,54.1,68.45,87.18,108.7,132.86,158.49,190.02,228.73,258.14,271.06,283.06,271.05,245.23,218.55,187.47,151.68,127.14,102.04,85.39,83.88,82.59,82.24,86.12,87.29,86.66,84.91,86.94,86.7,85.51,85.17,84.99,82.82,84.25,84.43,87.19,94.7,106.55,110.72,122.56,144.57,160.01,169.19,196.97,218.95,239.19,248.18,264.93,257.0,240.53,208.41,189.75,157.91,136.07,112.83,96.5,78.75,65.21,53.67,55.38,52.85,50.75,51.76,52.88,48.05,42.29,38.98,34.55,27.61,24.14,20.6,18.22,13.55,10.3,6.51,4.73,1.35,0.44,0.0,0.0,0.0,0.0,0.0,0.0,0.0,0.0,0.0,0.0,0.0,0.0,0.0,0.0,0.0
Oxford Circus,1,84335.69,4.58,15.67,31.76,51.58,70.87,88.96,105.52,117.36,128.35,144.13,172.15,195.23,231.61,251.63,274.09,276.65,285.36,276.73,293.54,307.25,335.52,362.23,406.48,446.42,487.96,528.69,585.88,640.8,700.4,745.8,807.71,855.6,894.51,926.16,1005.37,1050.23,1101.59,1151.38,1251.14,1297.14,1378.0,1446.88,1588.63,1682.6,1819.04,1934.44,2186.3,2336.22,2543.47,2711.79,2913.96,2947.89,2955.31,2851.24,2714.66,2509.89,2275.9,2073.61,1937.22,1826.75,1726.96,1659.5,1656.51,1606.91,1537.89,1471.46,1461.71,1424.75,1348.34,1260.56,1191.41,1060.69,873.26,727.36,615.32,471.59,321.2,208.25,120.8,48.41,4.93,0.0,0.0,0.0,0.0,0.0,0.0,0.0,0.0,0.0,0.0,0.0,0.0,0.0,0.0,0.0
Paddington NR,1,8859.15,1.53,1.64,7.72,13.83,16.91,27.24,32.64,48.75,51.55,79.88,76.48,98.04,80.35,86.97,59.68,63.4,38.87,41.82,30.11,36.38,27.24,28.02,26.25,33.12,26.4,36.5,36.23,40.47,32.5,40.44,34.03,47.19,44.24,61.14,54.55,69.35,61.57,77.99,65.22,92.6,79.77,127.84,113.85,118.55,127.78,169.42,176.27,179.0,282.91,277.95,329.82,286.32,380.89,308.18,350.59,313.63,307.32,245.06,208.45,166.87,115.37,148.11,113.74,175.37,150.23,174.74,141.86,177.07,119.07,106.48,161.82,165.98,175.59,168.66,170.83,84.43,74.15,19.28,16.12,13.55,7.31,0.0,0.0,0.0,0.0,0.0,0.0,0.0,0.0,0.0,0.0,0.0,0.0,0.03,0.03,0.03
Paddington TfL,1,91185.33,19.74,37.01,86.89,140.15,208.36,328.56,524.36,769.25,1053.4,1445.16,1786.28,2100.42,2371.79,2550.14,2550.05,2496.0,2263.99,1977.53,1728.97,1608.22,1503.59,1462.53,1418.4,1355.22,1232.71,1165.1,1157.4,1157.11,1161.68,1116.96,1054.3,999.62,972.62,942.32,955.01,972.87,982.88,974.97,1018.59,1066.67,1105.08,1157.85,1250.82,1343.38,1466.28,1634.83,1880.32,2131.9,2322.86,2489.3,2540.9,2470.04,2274.08,2067.51,1809.68,1565.61,1330.68,1165.57,1029.46,915.43,841.32,762.87,701.35,639.67,608.3,566.18,551.0,527.13,529.69,480.05,456.4,415.75,362.18,275.55,243.99,197.02,140.58,95.76,74.21,33.39,3.54,0.02,0.0,0.0,0.0,0.0,0.0,0.0,0.0,0.0,0.0,0.0,0.0,3.66,3.66,3.66
Park Royal,3,2718.12,1.59,4.66,8.24,11.15,14.88,20.36,25.2,32.48,40.65,52.13,60.85,68.43,69.13,68.69,62.14,55.3,46.13,42.02,38.23,34.65,33.23,31.66,29.97,29.35,28.76,26.86,27.29,27.9,26.79,25.54,25.63,26.27,24.89,24.81,25.48,26.93,26.6,27.15,29.16,31.73,34.27,35.76,44.0,51.62,58.29,63.12,77.63,86.62,89.91,92.01,94.91,87.57,74.79,64.47,54.6,43.77,33.52,27.54,23.91,22.21,21.24,19.97,19.13,17.81,16.37,14.47,15.12,15.47,15.33,14.18,14.52,12.86,11.36,9.86,8.23,5.83,4.59,2.82,2.09,1.53,0.97,0.59,0.33,0.0,0.0,0.0,0.0,0.0,0.0,0.0,0.0,0.0,0.0,0.0,0.0,0.0
Parsons Green,2,10255.67,4.3,7.88,14.77,26.66,37.61,60.98,94.03,138.5,203.9,299.81,386.66,436.29,457.76,441.72,384.73,310.72,251.75,201.8,161.19,131.79,114.54,103.76,99.18,96.83,92.53,91.63,96.51,99.21,99.94,101.29,102.48,101.88,99.91,97.93,95.78,94.36,92.88,92.35,95.21,98.73,131.33,143.14,163.27,187.47,209.32,200.71,228.05,235.09,240.16,242.56,256.46,242.7,228.32,205.8,188.62,154.01,128.11,109.14,93.38,74.63,61.32,49.36,46.39,42.79,40.39,39.05,40.35,36.4,32.92,29.32,28.82,25.23,22.46,20.89,18.76,14.47,10.15,7.54,4.3,2.48,0.24,0.0,0.0,0.0,0.0,0.0,0.0,0.0,0.0,0.0,0.0,0.0,0.0,0.0,0.0,0.0
Peckham Rye,2,12991.75,3.37,3.65,25.23,33.64,76.15,114.66,206.52,248.58,380.3,448.69,597.66,582.32,663.49,583.35,586.7,447.33,440.08,315.94,292.34,194.56,174.17,121.89,129.35,114.54,123.12,114.22,124.84,117.06,123.46,116.92,122.88,112.51,115.88,103.62,109.15,98.7,104.75,102.48,115.59,112.39,127.71,125.3,142.86,138.74,160.2,158.26,203.38,207.01,229.84,221.55,234.4,203.14,200.92,174.4,176.7,156.48,142.78,116.95,111.56,87.6,78.07,69.07,70.59,64.8,70.06,69.93,75.65,72.64,75.2,76.41,80.95,72.43,65.95,55.65,37.41,19.94,10.44,3.84,0.7,0.12,0.0,0.0,0.0,0.0,0.0,0.0,0.0,0.0,0.0,0.0,0.0,0.0,0.0,0.0,0.0,0.0
Penge West,4,2224.96,12.49,18.69,24.37,30.46,27.02,37.64,49.54,63.38,78.8,92.43,109.56,107.59,108.1,109.26,110.05,93.04,86.64,73.25,57.72,39.89,33.1,28.91,28.98,29.19,31.68,31.68,32.57,31.91,29.29,25.89,24.39,20.33,17.4,15.87,16.33,14.69,15.18,15.37,15.71,16.72,16.51,16.93,16.94,17.52,17.07,18.27,20.06,21.79,22.73,22.78,22.86,22.66,21.3,18.93,17.3,15.31,11.35,9.84,8.47,7.65,6.68,7.23,6.08,6.47,6.43,6.99,7.03,6.52,5.6,5.47,3.77,2.25,1.75,0.92,0.02,0.0,0.0,0.08,0.08,0.08,0.08,0.08,0.0,0.0,0.0,0.0,0.0,0.0,0.0,0.0,0.0,0.0,0.0,0.0,0.0,0.0
Perivale,4,2972.72,6.85,15.29,24.37,38.37,55.37,69.1,86.18,97.54,109.0,119.25,128.62,127.78,124.17,117.99,106.84,88.88,73.46,64.42,53.42,44.72,39.49,35.71,34.0,32.51,31.37,30.54,31.55,32.16,30.02,28.89,28.39,28.57,26.72,26.72,27.54,27.57,25.87,25.64,27.03,26.28,26.34,27.65,32.48,35.05,37.35,39.97,51.88,54.85,57.29,58.36,60.18,49.36,42.45,35.85,31.03,23.67,19.1,16.05,15.74,13.81,12.79,11.43,9.89,6.89,6.34,5.83,5.22,5.29,5.05,4.62,4.45,3.97,3.61,3.11,2.66,1.84,1.52,0.91,0.49,0.13,0.04,0.0,0.0,0.0,0.0,0.0,0.0,0.0,0.0,0.0,0.0,0.0,0.0,0.0,0.0,0.0
Piccadilly Circus,1,43302.66,3.12,5.47,9.32,12.51,17.13,20.31,26.97,30.98,35.85,39.35,44.78,49.07,55.73,63.93,74.66,82.95,90.75,99.39,111.77,122.45,132.35,142.02,155.76,167.32,181.91,198.52,222.07,241.85,263.72,279.2,299.98,321.45,341.46,362.93,397.72,434.13,466.4,501.91,550.83,585.18,619.85,644.34,687.62,713.71,771.96,815.8,925.08,1014.89,1136.01,1199.85,1299.95,1317.47,1301.3,1243.19,1204.26,1104.92,1021.9,962.8,913.44,876.09,868.95,869.52,888.73,901.34,982.6,1048.38,1183.95,1329.3,1408.32,1339.33,1270.4,1091.1,863.97,674.49,552.06,415.12,282.99,175.52,101.17,36.77,1.03,0.0,0.0,0.0,0.0,0.0,0.0,0.0,0.0,0.0,0.0,0.0,0.0,0.0,0.0,0.0
Pimlico,1,13531.07,4.15,7.14,12.74,20.58,31.58,46.92,62.09,82.17,107.51,135.55,170.64,213.04,260.92,292.13,306.24,300.58,284.6,243.64,210.55,186.66,172.33,155.32,147.87,141.73,137.57,130.55,132.06,137.71,142.55,143.78,150.92,154.94,157.61,158.38,160.36,165.06,167.22,168.88,178.83,201.11,230.33,256.24,293.08,323.54,350.39,360.45,399.26,424.31,451.64,461.86,464.97,429.0,390.59,340.67,292.46,245.69,209.13,173.0,151.31,129.1,111.68,98.77,93.86,82.48,77.7,76.2,74.03,68.11,62.04,56.95,53.14,49.26,44.3,38.21,31.11,22.46,14.49,7.8,4.45,2.27,0.52,0.0,0.0,0.0,0.0,0.0,0.0,0.0,0.0,0.0,0.0,0.0,0.0,0.0,0.0,0.0
Pinner,5,4517.19,3.95,10.24,19.54,31.16,45.72,62.36,84.93,117.33,173.13,243.46,288.73,315.92,313.02,276.96,219.7,174.75,132.78,108.08,89.57,74.37,64.93,60.8,56.69,53.57,51.67,49.42,49.93,48.64,47.3,44.32,42.71,40.15,38.88,36.32,36.25,35.91,34.01,32.11,32.28,31.39,30.89,32.69,35.31,35.64,37.76,39.67,44.03,46.5,53.39,55.88,56.42,51.61,48.82,40.42,33.87,28.62,23.95,17.99,15.07,13.13,10.43,9.78,9.3,9.05,8.06,8.79,8.0,7.81,7.01,6.21,4.98,4.07,3.1,2.45,1.56,0.8,0.54,0.33,0.12,0.08,0.08,0.0,0.0,0.0,0.0,0.0,0.0,0.0,0.0,0.0,0.0,0.0,0.0,0.0,0.0,0.0
Plaistow,3,7930.9,23.48,48.01,84.85,123.41,167.58,208.69,237.3,245.79,252.22,248.97,253.02,261.68,272.45,275.45,272.53,253.87,223.19,190.53,164.89,143.2,126.28,114.04,110.61,106.67,101.24,94.73,92.04,88.0,81.93,78.38,81.02,83.21,85.32,85.71,89.05,88.44,86.16,83.81,85.14,87.89,94.32,98.74,105.17,110.46,113.16,111.01,117.0,119.68,116.19,110.08,108.1,98.94,88.86,81.38,75.74,65.38,56.22,48.31,42.5,38.05,35.01,32.05,30.0,28.83,25.5,23.48,22.55,21.25,18.89,17.07,15.18,12.78,10.75,9.76,8.59,6.55,4.97,3.64,1.99,0.99,0.6,0.26,0.14,0.0,0.0,0.0,0.0,0.0,0.0,0.0,0.0,0.0,0.0,0.0,0.0,0.0
Pontoon Dock,3,4432.58,4.28,9.13,13.76,23.28,30.02,39.05,49.22,65.45,82.0,107.83,139.55,169.54,186.63,199.56,190.52,166.17,137.46,108.02,79.27,64.75,54.29,46.0,45.49,44.46,40.33,39.29,40.29,41.22,39.5,41.13,43.09,42.66,42.73,43.05,42.98,42.3,41.88,41.65,46.64,53.58,57.48,66.8,73.49,75.82,78.46,82.2,79.01,82.27,84.65,80.42,85.55,86.52,77.36,67.96,64.22,50.71,41.97,38.67,36.25,30.96,27.92,25.33,22.74,20.87,19.44,17.35,16.49,16.25,14.96,13.54,13.27,12.1,10.47,13.86,26.05,23.92,22.52,20.73,14.77,0.72,0.5,0.0,0.0,0.0,0.0,0.0,0.0,0.0,0.0,0.0,0.0,0.0,0.0,0.0,0.0,0.0
Poplar,2,3172.84,2.88,4.56,7.81,10.88,11.74,13.91,17.1,19.46,22.68,31.23,38.76,47.03,53.11,60.63,58.48,57.73,51.59,46.65,38.56,36.48,32.24,30.8,29.22,29.9,29.0,29.12,32.4,38.95,41.83,44.51,45.15,43.37,37.82,35.06,34.19,37.54,41.33,47.96,59.14,67.23,73.72,77.4,81.45,78.11,81.06,79.08,80.88,79.89,79.69,74.63,76.9,71.84,65.63,60.83,56.08,46.59,43.72,40.76,38.78,36.48,34.55,33.79,34.16,31.37,29.11,28.19,26.56,24.64,24.47,24.03,22.76,20.15,17.29,16.94,14.44,14.72,12.32,10.05,5.97,4.76,1.0,0.0,0.0,0.0,0.0,0.0,0.0,0.0,0.0,0.0,0.0,0.0,0.0,0.0,0.0,0.0
Preston Road,4,4280.32,8.46,18.25,36.68,57.66,81.22,99.28,119.16,130.53,146.02,155.7,173.34,184.09,190.64,187.18,180.7,155.36,131.57,108.73,88.72,77.14,70.92,65.69,64.07,62.31,57.23,54.3,53.88,52.05,49.59,48.09,47.67,45.12,44.03,44.36,44.39,44.01,44.79,43.31,43.22,42.92,45.89,46.42,49.58,48.91,51.08,49.06,49.5,47.8,49.76,48.28,47.47,44.8,43.56,38.77,35.53,30.38,26.42,21.27,18.61,15.51,13.63,12.39,11.14,9.74,8.81,8.1,7.29,7.21,6.8,5.71,5.23,4.25,3.82,3.43,3.34,2.72,2.3,1.65,0.99,0.43,0.26,0.16,0.0,0.0,0.0,0.0,0.0,0.0,0.0,0.0,0.0,0.0,0.0,0.0,0.0,0.0
Prince Regent,3,2752.57,2.99,8.68,18.34,25.21,30.89,36.79,39.43,37.84,40.28,44.15,47.83,51.32,51.28,52.14,51.39,45.3,39.95,38.07,33.24,30.05,28.74,27.48,25.83,24.72,23.79,23.83,23.63,23.72,24.64,25.22,24.42,23.97,24.27,23.97,24.22,25.8,27.45,29.56,34.94,42.6,57.39,69.67,81.82,84.33,90.62,93.19,97.0,93.04,94.98,86.41,72.19,57.52,54.8,46.88,43.07,43.11,40.39,33.91,34.2,31.06,24.27,21.12,18.0,13.03,11.38,10.78,12.1,11.39,10.95,10.06,11.18,9.71,8.2,7.0,5.59,2.68,1.09,0.45,0.01,0.01,0.01,0.0,0.0,0.0,0.0,0.0,0.0,0.0,0.0,0.0,0.0,0.0,0.0,0.0,0.0,0.0
Pudding Mill Lane,2/3,2378.0,1.03,2.8,5.04,7.77,10.2,13.95,17.04,21.45,27.5,33.95,43.22,58.87,68.55,75.26,76.95,71.87,57.73,46.51,34.72,28.3,24.1,22.15,20.64,21.32,20.97,20.23,20.08,20.94,20.25,20.1,20.98,21.58,21.7,22.75,22.86,23.25,21.67,20.57,25.16,53.66,59.97,67.47,74.89,76.4,55.13,54.78,61.01,68.2,71.49,71.9,73.7,67.55,57.51,50.71,45.74,37.97,30.18,24.43,20.06,15.41,13.33,11.71,11.45,10.53,9.35,7.67,8.15,7.83,6.94,6.52,6.48,6.0,4.78,4.1,4.02,3.16,1.71,1.18,0.71,0.15,0.0,0.0,0.0,0.0,0.0,0.0,0.0,0.0,0.0,0.0,0.0,0.0,0.0,0.0,0.0,0.0
Putney Bridge,2,8285.39,2.85,6.23,14.43,22.49,32.4,49.14,70.99,92.23,130.81,183.02,230.43,257.66,273.26,264.15,232.66,195.25,162.09,135.34,114.3,100.58,88.8,84.15,82.46,82.68,81.36,84.13,89.0,90.12,89.96,89.95,90.75,91.25,93.71,95.75,97.91,98.83,98.28,98.81,100.23,103.62,108.32,121.88,139.61,154.57,169.79,186.14,203.44,212.91,230.49,238.96,248.73,241.33,224.1,195.68,170.84,137.43,109.47,89.73,76.14,64.29,53.91,45.69,41.76,38.52,35.77,34.89,34.43,33.19,31.05,30.23,32.1,31.97,29.56,25.86,21.97,15.59,9.73,6.44,4.35,2.06,0.37,0.08,0.0,0.0,0.0,0.0,0.0,0.0,0.0,0.0,0.0,0.0,0.0,0.0,0.0,0.0
Queen's Park,2,8836.52,4.94,13.46,21.76,30.28,38.71,50.7,64.91,92.36,153.26,222.38,297.68,379.42,416.06,433.17,426.51,395.31,318.73,271.8,209.59,162.45,119.66,109.9,102.12,100.43,93.3,96.14,101.13,108.3,106.07,109.23,105.33,101.07,91.24,84.9,81.58,79.25,76.46,77.38,83.35,89.2,102.86,110.58,123.46,131.16,139.03,138.52,148.66,150.53,153.78,155.78,164.39,158.28,149.62,140.78,127.07,103.79,86.69,72.69,60.64,49.98,42.73,37.1,35.48,30.4,27.28,26.01,28.28,29.45,29.22,29.03,30.14,26.13,20.99,18.29,15.38,9.65,6.51,4.04,2.0,0.39,0.18,0.0,0.0,0.0,0.0,0.0,0.0,0.0,0.0,0.0,0.0,0.0,0.0,0.0,0.0,0.0
Queens Road Peckham,2,6860.77,0.0,0.0,16.37,36.11,70.58,105.84,161.17,206.61,244.3,293.72,333.32,345.11,336.64,331.36,294.26,252.26,212.85,189.0,154.85,123.89,106.93,94.34,83.89,82.38,80.67,80.2,80.94,78.53,77.03,76.37,73.81,68.83,62.43,57.19,54.05,51.53,52.55,53.93,57.83,62.29,66.54,70.78,77.02,77.8,80.93,87.72,92.6,93.01,97.58,95.58,92.36,88.39,83.07,76.28,73.68,63.58,54.42,46.66,39.91,29.76,25.96,20.68,19.37,16.97,17.02,15.85,16.09,15.33,14.66,13.32,12.19,11.33,9.63,7.57,6.01,4.05,2.06,0.67,0.33,0.03,0.0,0.0,0.0,0.0,0.0,0.0,0.0,0.0,0.0,0.0,0.0,0.0,0.0,0.0,0.0,0.0
Queensbury,4,5362.23,25.51,49.85,96.06,156.87,202.93,233.38,256.47,249.61,226.79,213.92,218.37,212.54,208.83,202.54,188.58,159.53,134.63,113.99,97.23,79.6,70.37,64.39,60.77,57.97,55.48,53.3,51.64,49.97,45.38,44.7,43.29,44.13,42.23,42.34,42.49,44.3,43.64,44.11,45.38,47.75,50.32,48.88,48.77,47.33,49.55,45.02,49.83,52.47,53.76,52.57,54.12,51.58,48.72,49.98,45.15,39.52,32.98,29.67,23.46,19.3,18.79,17.38,15.68,13.95,12.4,10.15,9.35,8.11,7.51,7.02,6.63,5.91,4.82,3.56,2.74,1.87,1.27,0.7,0.44,0.04,0.03,0.03,0.0,0.0,0.0,0.0,0.0,0.0,0.0,0.0,0.0,0.0,0.0,0.0,0.0,0.0
Queensway,1,8614.56,2.19,4.2,7.14,11.3,17.28,23.13,31.57,43.11,57.85,72.72,92.85,118.63,149.65,167.22,183.42,193.87,196.22,182.81,181.76,176.44,170.61,158.74,156.14,147.16,140.18,130.05,126.76,120.63,116.76,109.59,107.07,104.02,106.27,104.63,109.2,112.28,116.76,113.93,120.12,128.75,135.45,142.27,159.96,174.54,182.58,190.43,210.94,208.4,203.45,198.74,194.99,177.96,172.86,162.35,151.95,137.08,119.07,103.71,93.67,83.99,75.78,70.6,65.81,61.87,59.4,58.93,62.98,61.39,62.31,63.16,66.27,60.06,57.71,49.78,42.71,30.81,22.12,13.4,8.14,2.8,1.12,0.0,0.0,0.0,0.0,0.0,0.0,0.0,0.0,0.0,0.0,0.0,0.0,0.0,0.0,0.0
Ravenscourt Park,2,4818.65,1.68,2.84,5.47,8.72,13.29,17.4,25.63,36.3,50.85,69.57,95.5,126.02,145.89,150.49,147.45,135.22,110.89,88.52,75.96,67.02,58.46,50.3,47.8,46.31,43.56,42.82,44.18,45.21,45.21,44.26,42.98,44.15,43.98,42.82,42.86,44.53,43.6,43.4,46.72,50.78,59.81,73.78,128.15,149.6,165.76,178.74,187.94,149.44,147.67,141.54,136.63,123.44,113.34,94.72,83.89,65.81,54.47,46.74,41.16,35.73,31.88,29.54,28.19,25.97,26.18,26.55,26.98,26.18,25.75,22.49,19.36,15.4,12.2,9.32,8.41,6.17,4.61,3.05,2.23,0.55,0.4,0.16,0.07,0.0,0.0,0.0,0.0,0.0,0.0,0.0,0.0,0.0,0.0,0.0,0.0,0.0
Rayners Lane,5,5775.75,17.82,31.5,54.01,80.79,104.4,133.11,161.24,186.76,203.15,236.74,253.96,269.15,265.4,262.65,233.54,199.6,164.13,141.05,118.1,99.54,89.76,82.81,78.65,76.51,76.52,76.27,77.73,74.62,73.39,70.08,69.45,66.38,63.6,59.7,59.11,59.04,56.34,55.21,57.2,56.38,52.28,52.91,54.3,53.07,53.14,56.14,59.73,61.1,61.27,61.2,60.22,55.62,52.02,48.34,45.71,39.91,35.96,31.26,28.21,23.78,21.71,19.1,17.91,16.97,16.16,15.7,14.57,13.38,11.63,10.0,8.36,6.67,5.31,4.26,3.58,2.52,2.22,1.72,1.06,0.69,0.45,0.24,0.0,0.0,0.0,0.0,0.0,0.0,0.0,0.0,0.0,0.0,0.0,0.0,0.0,0.0
Reading,CPC,8253.54,7.22,16.62,30.07,56.53,61.16,87.9,93.6,120.6,169.88,215.74,195.15,257.01,236.72,214.1,182.31,184.92,155.71,146.61,117.55,105.09,119.86,82.66,93.28,79.45,95.71,74.39,88.63,73.4,86.71,67.88,98.5,79.1,114.09,96.15,125.72,97.13,124.53,90.29,120.56,91.02,122.64,117.27,140.05,138.11,163.6,169.05,192.22,217.3,232.67,243.1,224.17,209.21,189.25,140.85,137.52,114.45,102.52,67.41,92.88,55.56,71.13,48.89,65.88,39.71,50.79,43.33,49.31,47.44,47.91,43.94,33.55,30.26,15.14,16.9,7.78,7.84,3.67,3.92,0.3,0.3,0.25,0.3,0.05,0.05,0.05,0.05,0.0,0.03,0.03,0.03,0.12,0.12,0.3,0.3,0.3,0.2
Rectory Road,2,3492.72,1.0,2.01,5.52,9.03,13.82,33.3,38.54,57.25,69.25,99.46,109.57,144.76,139.88,151.0,159.12,182.81,166.66,159.24,142.86,108.35,61.67,44.15,42.41,40.8,38.57,38.29,37.66,35.79,33.28,31.57,30.31,29.02,27.53,26.49,27.94,27.67,27.31,28.39,29.39,31.61,33.31,36.19,40.38,45.2,47.03,47.07,52.27,54.47,55.02,55.58,61.95,60.21,58.0,53.48,48.44,39.24,32.08,24.83,20.97,17.89,14.68,12.44,11.33,10.44,8.91,8.97,7.86,7.69,7.23,7.62,6.76,6.04,4.98,4.01,2.63,1.95,1.34,0.85,0.09,0.0,0.0,0.0,0.0,0.0,0.0,0.0,0.0,0.0,0.0,0.0,0.0,0.0,0.0,0.0,0.0,0.0
Redbridge,4,3530.11,11.0,22.72,39.51,60.98,74.15,84.3,93.39,99.54,101.07,112.05,129.72,144.98,149.13,151.65,148.56,130.65,110.44,96.65,83.06,70.35,63.08,58.26,54.6,52.69,50.38,47.34,45.2,44.09,41.72,39.25,39.78,39.63,36.95,36.2,36.41,35.26,32.68,32.99,31.72,30.7,31.32,31.55,30.84,34.09,35.17,36.83,40.63,44.13,44.14,43.31,42.23,38.56,36.01,32.47,30.16,26.86,23.21,19.87,17.88,15.47,12.83,11.56,9.88,7.91,7.98,7.67,7.52,7.38,6.68,5.65,5.08,4.34,3.62,3.94,3.15,2.48,1.77,1.54,0.56,0.39,0.31,0.31,0.0,0.0,0.0,0.0,0.0,0.0,0.0,0.0,0.0,0.0,0.0,0.0,0.0,0.0
Regent's Park,1,3903.39,0.0,0.53,0.93,1.3,2.14,3.07,4.09,5.0,6.21,7.93,11.19,15.44,21.25,25.68,28.22,29.8,30.71,29.52,29.8,30.41,31.15,32.49,33.91,35.13,38.19,39.9,40.21,42.81,45.76,46.88,51.04,52.78,52.5,52.04,53.02,51.79,54.49,57.24,62.58,68.28,80.18,89.14,102.6,113.18,124.97,127.53,143.44,148.56,154.86,153.95,155.55,140.78,129.72,115.01,103.05,87.9,74.82,64.47,57.98,51.97,48.57,44.94,41.24,38.98,35.27,32.16,32.56,31.92,27.51,25.17,23.38,19.69,16.22,13.23,10.62,7.39,4.57,2.79,1.43,0.6,0.06,0.0,0.0,0.0,0.0,0.0,0.0,0.0,0.0,0.0,0.0,0.0,0.0,0.0,0.0,0.0
Richmond,4,24054.88,15.37,35.7,70.25,140.44,192.67,286.05,431.21,598.92,750.33,997.26,1061.25,1072.32,975.6,861.45,648.25,566.84,463.15,438.96,379.79,347.89,313.8,308.17,294.56,304.37,303.25,327.67,326.75,327.63,327.23,333.18,302.98,284.31,254.49,244.79,217.36,227.54,223.08,237.23,238.3,261.81,272.01,307.97,328.81,350.96,371.73,406.57,434.97,466.97,494.51,507.97,501.61,473.71,423.86,374.99,317.79,258.02,200.33,163.69,129.06,107.11,95.7,86.41,90.04,93.04,99.03,107.79,112.67,100.38,92.94,79.51,58.05,47.11,37.36,25.55,19.33,11.61,5.04,4.46,2.23,1.08,0.34,0.34,0.0,0.0,0.0,0.0,0.0,0.0,0.0,0.0,0.0,0.0,0.0,0.0,0.0,0.0
Rickmansworth,7,3437.85,6.02,10.96,19.93,37.79,60.36,61.6,89.28,108.78,115.64,131.92,175.96,160.28,148.25,136.4,106.98,76.3,63.67,59.96,47.43,47.57,29.91,35.54,24.89,33.42,26.49,30.42,25.79,27.62,22.76,26.15,25.01,23.54,23.03,26.31,23.6,20.76,20.01,24.51,22.71,41.9,105.36,114.77,119.49,130.43,118.39,67.61,63.49,61.83,62.05,52.24,44.12,44.61,34.64,23.28,23.02,21.05,12.96,15.71,12.14,10.32,6.9,9.61,7.51,5.8,7.28,9.51,7.82,7.96,7.95,7.3,4.5,3.8,2.4,2.68,2.07,2.43,1.45,1.38,1.08,0.77,0.42,0.29,0.0,0.0,0.0,0.0,0.0,0.0,0.0,0.0,0.0,0.0,0.0,0.0,0.0,0.0
Roding Valley,4,305.93,0.59,1.18,2.44,2.94,2.35,7.85,9.0,14.7,15.9,21.34,27.63,27.51,21.48,20.68,15.29,3.91,3.64,3.28,3.77,3.9,4.25,3.29,3.38,2.24,2.8,2.63,2.87,2.26,2.66,2.14,2.31,1.79,2.94,2.61,3.13,2.54,2.94,2.2,2.55,1.82,2.16,2.76,2.79,2.11,3.01,2.84,2.47,2.11,2.78,2.33,2.01,1.67,1.72,1.26,1.2,1.19,0.91,0.78,0.8,0.4,0.71,0.69,0.72,0.49,0.69,0.46,0.43,0.34,0.34,0.2,0.21,0.14,0.16,0.16,0.1,0.02,0.02,0.0,0.0,0.0,0.0,0.0,0.0,0.0,0.0,0.0,0.0,0.0,0.0,0.0,0.0,0.0,0.0,0.0,0.0,0.0
Romford,6,23720.62,102.4,249.71,421.79,582.51,708.92,826.01,831.54,810.41,813.75,829.43,890.72,900.94,866.19,839.39,755.75,611.98,515.55,472.53,394.93,332.14,305.04,296.26,274.7,254.74,242.11,253.44,245.0,242.22,234.07,237.91,223.48,218.54,208.38,211.25,204.5,208.73,200.25,204.72,201.27,205.05,201.03,206.13,224.3,254.21,275.18,304.81,353.05,376.64,396.92,402.29,399.32,364.6,322.97,274.41,243.15,208.44,178.23,156.48,135.36,113.72,96.69,87.43,80.15,73.28,69.75,64.14,60.82,56.12,50.65,46.52,42.79,37.91,34.6,28.55,23.1,18.0,11.2,5.07,3.5,0.55,0.32,0.19,0.06,0.06,0.0,0.0,0.0,0.0,0.0,0.0,0.0,0.0,0.0,3.23,3.23,3.23
Rotherhithe,2,2697.13,0.0,1.7,4.05,7.68,15.03,23.36,31.04,40.4,52.19,61.21,73.24,93.14,110.92,118.97,122.29,115.36,98.9,76.87,60.26,47.48,40.96,32.69,31.29,29.5,27.73,26.78,27.92,27.04,27.73,26.97,26.45,26.26,26.15,25.16,25.6,26.33,26.08,25.61,26.78,27.96,29.81,30.64,34.38,36.35,37.92,38.46,42.33,40.58,41.38,40.87,40.78,38.86,40.3,38.49,39.92,36.66,32.73,28.93,26.17,22.27,20.7,19.56,20.97,21.34,19.95,19.26,19.71,18.27,16.92,16.62,16.04,15.39,12.32,9.93,7.52,5.23,2.48,1.32,0.57,0.08,0.0,0.0,0.0,0.0,0.0,0.0,0.0,0.0,0.0,0.0,0.0,0.0,0.0,0.0,0.0,0.0
Royal Albert,3,2302.53,2.76,6.96,12.77,20.74,32.09,39.5,45.36,48.36,51.18,52.72,56.73,60.74,62.6,62.72,60.11,53.54,45.77,41.28,36.02,31.49,29.5,28.51,27.49,25.82,23.42,22.91,22.91,21.67,22.33,24.84,23.4,22.34,22.85,22.53,21.62,24.58,25.34,26.72,29.85,32.25,32.63,35.81,40.36,43.94,47.69,51.94,58.5,60.26,58.71,56.83,53.58,47.22,42.23,40.34,39.58,36.96,31.35,26.78,21.69,15.57,11.48,9.73,10.04,10.54,10.54,11.46,12.43,10.78,8.91,7.5,7.06,6.08,5.33,4.45,3.9,2.48,1.46,0.99,0.75,0.37,0.0,0.0,0.0,0.0,0.0,0.0,0.0,0.0,0.0,0.0,0.0,0.0,0.0,0.0,0.0,0.0
Royal Oak,2,3759.06,2.75,4.7,6.76,9.27,12.29,18.24,24.02,31.08,40.22,55.81,70.98,89.19,107.22,117.61,117.66,113.9,102.54,86.72,74.82,65.37,58.12,52.44,50.89,48.34,46.78,44.35,43.5,42.81,43.88,42.98,42.98,43.52,42.91,42.28,43.38,43.79,42.8,41.48,42.77,44.15,48.68,53.13,60.72,64.33,70.05,73.06,81.52,83.89,86.45,84.63,86.13,80.47,77.91,72.93,70.08,61.48,53.98,46.37,42.13,36.65,32.48,29.42,28.1,26.23,26.07,25.06,27.02,26.32,25.47,23.2,22.41,18.23,15.35,12.04,9.71,7.16,5.21,3.44,2.3,1.14,0.41,0.27,0.0,0.0,0.0,0.0,0.0,0.0,0.0,0.0,0.0,0.0,0.0,0.71,0.71,0.71
Royal Victoria,3,4390.06,3.59,8.07,14.15,21.47,27.6,32.93,37.37,44.48,53.29,66.48,86.92,103.02,117.37,124.46,125.8,112.53,99.51,80.72,69.02,58.61,53.18,50.65,51.88,50.27,50.17,50.75,52.14,51.55,51.15,51.49,51.16,52.75,55.33,57.32,59.49,60.36,59.61,57.65,60.89,64.82,64.83,72.54,83.84,83.9,91.32,101.63,103.09,100.85,107.32,101.28,105.68,100.15,92.7,83.15,75.98,59.56,53.47,51.48,49.04,45.29,41.4,37.42,33.32,28.85,25.06,24.67,23.69,22.29,21.15,21.27,18.76,18.88,16.03,13.17,11.86,9.35,5.66,4.37,3.56,1.5,0.71,0.0,0.0,0.0,0.0,0.0,0.0,0.0,0.0,0.0,0.0,0.0,0.0,0.0,0.0,0.0
Ruislip,6,2481.24,5.1,8.84,12.86,21.2,26.22,35.84,45.44,59.9,73.49,89.38,99.36,102.76,100.3,94.24,86.54,74.79,68.58,59.79,52.38,42.79,39.84,36.38,35.95,36.33,38.5,39.4,39.63,39.87,37.27,34.3,32.07,30.69,29.81,29.3,30.71,31.28,31.51,31.23,31.86,30.73,29.59,30.17,30.96,33.14,32.38,33.71,34.08,33.85,31.91,33.21,31.43,29.18,27.4,24.49,21.94,19.72,16.73,14.22,11.89,9.42,8.36,7.6,7.12,7.16,7.19,6.97,7.82,8.08,7.61,7.35,7.27,5.92,4.21,3.67,2.92,1.82,1.37,1.15,0.76,0.38,0.27,0.12,0.12,0.12,0.0,0.0,0.0,0.0,0.0,0.0,0.0,0.0,0.0,0.0,0.0,0.0
Ruislip Gardens,5,1593.56,4.9,9.31,13.74,23.48,30.43,39.77,49.86,58.43,65.44,74.7,82.63,82.74,81.27,74.4,66.47,50.5,40.1,33.81,28.04,22.03,22.11,19.91,18.16,14.73,15.92,15.17,16.56,13.12,17.61,13.95,14.15,13.27,16.01,13.17,13.24,12.68,13.05,12.8,18.77,21.47,22.49,23.51,25.27,20.97,19.53,19.9,20.9,20.79,20.45,19.92,20.05,17.31,15.32,13.02,10.42,7.33,6.25,4.95,4.25,4.08,3.78,3.22,2.6,2.24,2.09,1.97,2.04,2.38,2.27,1.84,1.64,1.05,0.41,0.43,0.37,0.2,0.19,0.19,0.0,0.0,0.0,0.0,0.0,0.0,0.0,0.0,0.0,0.0,0.0,0.0,0.0,0.0,0.0,0.0,0.0,0.0
Ruislip Manor,6,2433.97,5.01,9.75,14.64,24.46,32.98,46.93,57.67,73.48,84.4,101.13,109.97,115.46,110.66,108.13,92.31,76.14,63.44,55.01,44.76,39.02,37.6,35.03,34.65,32.92,30.9,30.49,31.52,30.18,28.53,28.21,26.11,25.19,24.41,24.46,24.36,24.77,23.07,21.88,22.49,38.29,40.06,41.66,44.22,45.19,30.56,29.75,30.49,29.01,27.6,27.65,26.15,23.81,22.63,21.16,18.2,16.38,13.66,11.67,10.38,9.21,7.59,7.04,6.48,5.45,4.82,4.67,4.7,4.48,4.16,3.81,3.69,3.28,2.66,2.52,2.25,2.0,1.66,1.38,0.83,0.54,0.12,0.0,0.0,0.0,0.0,0.0,0.0,0.0,0.0,0.0,0.0,0.0,0.0,0.0,0.0,0.0
Russell Square,1,14599.58,1.74,3.27,5.6,7.74,11.42,14.74,18.93,23.92,30.52,38.04,48.24,64.07,80.73,90.28,102.84,116.65,133.16,147.63,162.73,173.98,178.7,172.5,169.29,165.77,161.13,157.43,160.14,160.35,162.96,167.89,186.46,197.46,200.68,206.77,219.24,210.79,208.31,218.81,245.18,260.68,291.42,318.82,357.66,368.3,398.62,417.67,461.49,472.61,491.02,482.76,476.62,439.46,405.14,369.93,346.27,314.46,283.58,259.02,247.7,223.92,208.37,195.66,192.18,173.18,159.87,147.97,142.0,125.26,115.97,108.77,105.42,91.07,82.04,70.86,59.11,42.42,29.98,19.0,10.99,5.38,0.81,0.0,0.0,0.0,0.0,0.0,0.0,0.0,0.0,0.0,0.0,0.0,0.0,0.0,0.0,0.0
Seven Kings,4,7159.84,35.66,65.83,110.41,164.12,215.03,228.44,250.71,248.44,233.51,233.99,263.31,267.51,275.56,270.09,257.05,227.04,200.12,170.92,151.01,129.76,114.96,103.07,102.01,96.18,89.96,87.33,84.53,79.56,77.06,75.78,75.16,72.99,70.46,67.68,68.49,67.13,65.6,65.49,66.68,71.2,77.84,82.25,86.11,87.49,84.86,81.0,80.45,78.73,75.51,72.71,71.13,69.45,63.56,57.83,51.49,41.74,33.32,29.7,28.68,27.54,26.83,25.22,24.23,22.94,23.14,22.38,23.02,21.48,18.61,14.59,12.23,10.2,8.08,7.22,6.18,4.83,2.87,2.37,1.53,0.59,0.09,0.0,0.0,0.0,0.0,0.0,0.0,0.0,0.0,0.0,0.0,0.0,0.0,0.0,0.0,0.0
Seven Sisters,3,20581.54,68.02,113.53,180.92,268.24,338.97,412.99,491.88,542.52,559.09,576.06,602.88,639.86,670.94,689.74,703.83,686.4,618.21,533.27,469.57,401.24,330.36,283.78,265.19,259.65,245.69,232.22,231.79,228.38,220.39,212.3,218.03,216.85,215.98,209.3,214.88,215.81,214.12,215.28,222.61,224.94,228.15,232.58,242.16,252.92,268.49,274.47,296.88,312.1,322.35,315.66,319.29,304.6,289.24,266.03,250.37,226.31,197.51,170.74,152.74,136.63,122.68,116.86,111.93,105.72,99.18,91.41,84.28,78.27,69.9,63.77,59.71,55.74,48.48,44.38,37.56,31.07,22.32,16.38,9.16,4.84,1.97,1.02,0.0,0.0,0.0,0.0,0.0,0.0,0.0,0.0,0.0,0.0,0.0,0.0,0.0,0.0
Shadwell DLR,2,10192.65,2.83,8.05,20.02,32.51,52.91,69.59,81.25,95.15,126.65,150.09,180.55,227.02,272.09,290.27,294.04,285.25,259.01,214.44,177.01,151.73,132.19,113.1,104.66,98.77,98.03,96.15,96.48,97.93,100.45,100.04,101.48,105.12,108.65,106.08,104.52,103.62,104.11,102.31,112.06,147.73,179.95,208.76,229.22,242.27,229.08,216.7,206.1,205.51,206.23,202.43,203.81,198.8,191.47,179.65,168.91,151.48,138.38,124.04,112.88,103.2,96.92,90.71,88.67,86.03,83.09,81.74,81.27,78.17,75.84,73.37,69.26,64.19,58.22,49.55,62.08,63.16,56.23,48.03,42.33,17.09,3.9,0.0,0.0,0.0,0.0,0.0,0.0,0.0,0.0,0.0,0.0,0.0,0.0,0.0,0.0,0.0
Shadwell LO,2,6084.5,0.0,2.97,6.13,14.66,29.53,36.38,44.33,55.16,66.22,73.53,93.61,117.08,139.83,151.05,159.39,158.18,146.68,127.72,114.07,96.37,84.97,72.89,64.18,58.83,55.99,53.02,52.11,55.24,54.52,60.22,61.23,67.1,70.92,71.68,67.99,69.74,66.91,63.2,64.39,69.17,73.02,88.74,98.48,112.91,122.2,133.12,137.93,151.45,157.47,164.17,174.13,169.17,163.9,154.62,143.97,123.86,113.41,96.76,84.03,72.73,61.94,49.73,44.58,40.87,38.14,38.47,41.22,38.79,37.5,34.86,37.28,33.96,35.78,31.76,27.93,17.95,12.69,4.76,2.32,0.72,0.0,0.0,0.0,0.0,0.0,0.0,0.0,0.0,0.0,0.0,0.0,0.0,0.0,0.0,0.0,0.0
Shenfield,12,6285.08,14.23,25.17,53.32,79.07,120.05,167.77,210.99,241.5,293.65,335.65,359.61,370.86,353.71,305.49,248.96,184.66,139.37,110.72,93.36,75.92,71.21,62.21,61.36,59.54,56.74,56.44,58.97,55.78,55.8,54.48,53.95,46.53,49.06,46.0,50.04,47.75,51.67,48.22,52.2,57.22,66.07,72.2,82.78,84.7,81.12,82.45,87.44,86.66,87.76,89.22,85.36,73.22,61.85,52.47,42.28,32.49,26.97,24.11,19.29,16.56,15.3,13.51,12.47,11.95,12.41,11.31,11.68,10.21,9.3,7.37,7.72,5.83,5.65,4.39,3.27,1.55,1.27,0.47,0.0,0.0,0.0,0.0,0.0,0.0,0.0,0.0,0.0,0.0,0.0,0.0,0.0,0.0,1.3,1.3,1.3,1.3
Shepherd's Bush LU,2,21714.46,5.19,12.33,27.86,59.67,95.46,129.19,170.54,222.22,252.58,301.49,374.57,456.18,511.23,552.9,551.82,511.6,439.72,360.15,300.25,259.12,227.18,206.73,204.62,197.59,193.98,194.01,196.15,201.64,206.77,208.72,213.0,219.38,220.37,224.21,228.41,236.96,242.93,250.96,263.13,281.25,298.84,332.27,354.02,389.76,422.02,447.95,486.35,526.09,541.95,575.52,599.25,580.17,545.49,520.65,460.35,400.19,347.79,314.52,276.94,249.81,229.2,214.49,213.61,209.43,207.71,205.23,210.6,200.89,211.47,214.89,208.07,186.22,165.5,123.42,87.93,59.94,41.03,23.75,12.17,4.4,2.52,0.0,0.0,0.0,0.0,0.0,0.0,0.0,0.0,0.0,0.0,0.0,0.0,0.0,0.0,0.0
Shepherd's Bush Market,2,5574.09,5.78,7.93,11.75,16.47,21.1,29.76,41.68,57.96,79.34,106.38,136.74,170.3,189.36,198.47,193.37,177.08,148.39,124.61,103.56,91.14,80.22,73.67,70.29,68.01,65.71,62.52,62.25,63.87,62.97,61.74,65.49,67.98,67.59,66.8,68.18,66.84,66.07,67.59,70.3,71.42,73.14,75.32,76.76,79.01,83.69,87.05,94.63,97.25,100.64,100.26,102.88,97.45,96.14,91.44,84.93,74.19,65.34,54.93,47.64,40.97,36.91,33.2,33.46,32.37,34.94,38.63,44.06,45.34,57.1,64.31,62.99,57.84,52.58,35.85,21.2,13.77,8.01,4.79,2.87,1.42,0.27,0.11,0.0,0.0,0.0,0.0,0.0,0.0,0.0,0.0,0.0,0.0,1.18,2.17,2.17,2.17
Shepherd's Bush NR,2,14840.44,0.18,3.75,16.11,43.72,73.66,118.25,164.83,218.37,234.18,253.9,259.68,253.68,220.6,214.04,201.43,186.09,165.63,148.01,129.2,106.16,86.77,80.98,81.93,77.11,78.99,82.97,75.59,85.16,94.13,99.39,110.03,120.87,127.0,123.6,133.19,135.74,145.61,151.96,169.28,186.11,202.52,247.77,268.68,308.33,339.39,380.79,409.25,459.09,490.39,539.66,548.92,551.84,511.76,482.73,407.22,367.57,303.08,284.57,239.05,225.76,183.03,174.6,157.07,164.21,149.18,161.71,148.82,152.61,130.96,135.3,122.8,110.44,81.44,65.65,38.6,21.07,11.39,3.76,1.54,0.0,0.0,0.0,0.0,0.0,0.0,0.0,0.0,0.0,0.0,0.0,0.0,0.0,0.0,0.0,0.0,0.0
Shoreditch High Street,1,10583.66,0.45,1.94,3.52,6.67,9.43,12.7,16.81,21.17,26.95,33.69,40.67,49.63,58.64,62.49,66.58,66.65,63.3,58.26,55.12,50.19,47.51,43.41,44.09,44.67,46.9,48.62,53.91,54.65,56.88,60.45,67.49,72.62,78.27,83.31,88.52,90.82,90.44,92.38,98.9,103.02,107.87,123.85,138.01,148.2,163.73,181.43,225.74,264.05,331.56,390.45,474.42,498.73,506.97,468.96,444.55,374.77,318.19,282.44,257.02,216.63,197.78,183.72,181.01,177.76,178.47,173.11,179.62,168.95,164.84,157.02,164.65,149.67,144.81,122.61,103.87,67.78,45.16,19.52,10.8,3.25,0.0,0.0,0.0,0.0,0.0,0.0,0.0,0.0,0.0,0.0,0.0,0.0,0.0,0.0,0.0,0.0
Silver Street,4,4829.84,3.74,15.6,30.2,45.97,68.24,91.05,107.33,116.24,128.84,130.03,145.28,147.18,148.1,150.81,158.31,145.78,132.8,117.94,101.14,80.49,67.76,62.16,65.66,63.76,58.81,56.41,55.78,54.03,49.95,49.54,52.6,51.14,49.35,50.23,51.9,48.38,50.4,50.61,56.26,56.8,61.43,61.29,73.34,73.43,86.52,88.68,102.16,101.07,104.91,94.88,93.27,80.59,69.87,61.31,55.59,46.76,42.2,38.01,36.71,35.05,33.89,29.81,29.75,23.77,20.16,18.3,18.35,14.15,13.67,13.15,11.47,8.79,8.3,5.96,3.49,1.92,1.13,0.08,0.01,0.0,0.0,0.0,0.0,0.0,0.0,0.0,0.0,0.0,0.0,0.0,0.0,0.0,0.0,0.0,0.0,0.0
Sloane Square,1,23770.55,3.78,8.84,16.64,26.68,38.37,56.6,76.98,103.49,138.97,186.64,243.35,316.25,373.67,402.47,409.74,387.15,337.65,287.64,252.46,227.73,214.9,204.87,206.68,212.09,216.55,224.15,238.28,251.21,263.79,268.64,277.3,286.03,288.23,291.28,304.84,313.7,321.76,335.42,362.7,392.98,427.59,456.19,537.89,583.37,615.4,643.77,700.18,675.05,666.6,654.31,675.01,652.48,637.42,607.81,596.49,525.08,451.35,386.89,343.56,281.66,242.87,220.31,206.44,198.22,216.44,250.08,269.07,271.17,258.45,224.26,180.15,149.4,135.72,120.73,106.25,86.39,64.77,40.85,25.22,12.63,2.55,0.0,0.0,0.0,0.0,0.0,0.0,0.0,0.0,0.0,0.0,0.0,0.0,0.0,0.0,0.0
Slough,CPC,10794.25,18.16,30.43,54.32,90.48,125.71,168.26,225.03,292.98,350.55,419.54,468.75,483.59,470.48,430.68,372.31,299.23,251.91,195.43,167.55,135.63,126.2,109.74,107.0,101.96,104.64,103.0,107.0,108.6,98.45,98.97,100.25,99.83,90.99,101.64,99.8,97.57,93.66,108.63,99.68,109.76,122.48,129.58,130.33,173.11,186.3,201.57,232.63,258.6,261.37,260.4,248.8,219.97,187.7,151.8,131.42,109.91,93.92,82.85,72.09,59.13,54.33,46.96,43.59,36.68,30.97,26.32,23.5,20.01,17.02,14.66,11.13,8.65,6.8,5.55,3.62,2.8,2.42,0.56,0.29,0.3,0.13,0.06,0.02,0.02,0.0,0.0,0.0,0.0,0.0,0.0,0.47,0.47,0.47,1.52,1.52,1.05
Snaresbrook,4,3185.56,5.74,9.58,16.83,27.1,34.97,44.61,53.2,64.19,73.25,87.99,103.35,117.53,123.32,126.08,120.79,107.43,92.16,77.2,63.47,51.39,45.23,40.84,40.49,40.33,39.71,40.01,41.07,38.84,39.21,38.34,37.66,36.37,35.56,32.21,31.15,29.16,27.31,26.44,28.83,31.42,36.19,40.21,50.19,72.15,80.25,81.21,85.11,83.56,66.07,59.01,55.4,50.51,43.81,38.12,33.57,28.91,23.25,18.72,14.36,11.5,10.58,9.94,9.08,8.1,7.17,6.45,5.93,5.45,5.26,5.06,4.41,3.86,3.41,2.72,1.96,1.3,0.9,0.67,0.52,0.21,0.13,0.0,0.0,0.0,0.0,0.0,0.0,0.0,0.0,0.0,0.0,0.0,0.0,0.0,0.0,0.0
South Acton,3,1823.3,0.0,0.0,10.8,15.7,23.39,29.95,36.23,38.31,46.65,50.42,55.26,60.99,56.2,48.89,43.46,38.5,30.81,25.76,22.79,19.49,16.98,15.1,15.3,15.96,16.69,15.06,16.55,16.61,17.08,16.14,18.29,17.61,18.33,16.89,17.43,16.24,17.05,16.69,20.49,22.7,27.32,27.51,33.32,34.51,35.77,34.98,46.0,51.38,55.4,56.0,61.25,56.17,47.92,41.31,39.9,32.8,24.5,19.56,17.32,13.52,10.42,9.9,9.28,7.75,6.37,5.02,4.03,3.47,2.94,2.76,2.2,2.09,1.73,0.98,0.62,0.4,0.1,0.0,0.0,0.0,0.0,0.0,0.0,0.0,0.0,0.0,0.0,0.0,0.0,0.0,0.0,0.0,0.0,0.0,0.0,0.0
South Ealing,3,3675.21,6.32,8.69,14.79,21.49,28.42,39.35,53.24,66.84,83.16,108.4,130.37,145.53,154.79,158.25,145.92,125.34,105.39,86.87,69.65,56.67,49.03,45.25,43.1,41.45,39.34,40.93,42.96,44.6,46.32,46.11,47.23,44.23,42.16,39.58,40.73,38.95,39.46,39.14,39.8,39.88,42.39,44.91,50.17,55.44,59.09,61.52,69.22,73.17,73.67,73.12,73.43,68.93,61.24,54.79,49.52,42.1,33.95,28.13,24.17,20.35,16.95,14.1,13.26,12.31,10.86,9.75,9.33,8.83,8.2,8.03,8.24,7.95,7.09,6.26,5.38,3.94,2.72,1.77,0.76,0.24,0.12,0.07,0.0,0.0,0.0,0.0,0.0,0.0,0.0,0.0,0.0,0.0,0.0,0.0,0.0,0.0
South Hampstead,2,979.99,1.32,1.38,1.97,2.86,3.64,3.59,5.01,8.07,10.32,13.5,17.01,21.95,23.1,23.55,23.91,22.65,18.21,16.25,14.14,11.52,9.09,8.73,7.44,7.55,7.2,7.59,7.64,7.96,7.91,9.07,10.34,10.86,11.1,12.16,11.49,11.47,10.94,10.36,9.38,10.1,11.62,22.49,29.15,33.39,34.24,36.19,31.27,29.72,27.43,29.0,26.51,23.68,19.79,19.22,18.3,16.79,14.93,13.52,11.97,9.73,8.45,6.5,5.86,5.45,4.9,4.67,4.92,6.85,6.24,6.36,6.62,6.4,4.36,4.24,3.03,2.1,1.09,0.48,0.18,0.0,0.0,0.0,0.0,0.0,0.0,0.0,0.0,0.0,0.0,0.0,0.0,0.0,0.0,0.0,0.0,0.0
South Harrow,5,3387.63,15.05,26.28,39.98,50.15,64.63,76.43,87.02,97.49,108.45,119.74,126.67,129.13,125.58,119.59,109.86,94.01,82.2,71.07,59.51,50.51,45.09,40.55,39.75,38.33,40.1,41.11,41.58,40.12,38.89,36.95,37.22,35.66,34.5,35.67,36.28,34.09,34.1,34.57,34.33,32.95,37.03,39.39,49.32,51.41,54.73,53.79,56.41,49.85,48.62,48.89,50.22,45.29,41.33,38.09,33.0,25.93,22.86,20.73,18.65,16.68,16.42,14.97,13.76,13.89,13.56,13.07,14.59,13.95,13.3,12.53,10.84,7.68,6.37,4.55,3.0,2.13,1.78,1.33,0.8,0.8,0.63,0.23,0.01,0.0,0.0,0.0,0.0,0.0,0.0,0.0,0.0,0.0,0.0,0.0,0.0,0.0
South Kensington,1,44265.42,5.87,10.42,18.78,28.83,43.44,57.54,74.89,96.19,120.37,159.99,210.66,271.99,336.92,382.85,403.98,400.77,375.23,334.48,306.57,286.24,277.1,272.01,279.41,295.93,316.48,344.28,399.11,447.51,492.01,527.99,618.89,676.8,730.04,772.74,822.98,815.73,811.87,823.36,845.75,863.92,866.88,929.95,1042.22,1124.94,1199.19,1282.55,1394.52,1461.04,1492.52,1500.99,1543.04,1430.98,1255.84,1114.17,999.27,832.18,717.67,638.7,601.29,562.62,539.78,520.59,520.85,503.0,468.37,451.2,497.45,517.82,516.6,501.07,462.86,371.78,285.25,213.8,171.16,138.21,98.63,65.47,40.5,24.19,6.38,0.0,0.0,0.0,0.0,0.0,0.0,0.0,0.0,0.0,0.0,0.0,0.0,0.0,0.0,0.0
South Kenton,4,1954.68,2.67,5.67,19.14,30.53,45.5,55.5,64.75,65.98,70.88,72.96,75.98,75.4,77.95,74.08,66.06,55.43,51.21,39.75,32.79,28.99,30.63,27.77,26.91,24.91,25.79,23.37,23.18,22.66,23.15,22.41,21.63,20.77,20.53,20.77,17.65,17.31,18.02,17.12,15.55,16.57,29.94,34.1,36.03,38.99,40.89,31.41,27.31,27.74,26.65,26.16,22.62,20.59,17.96,15.85,13.48,11.25,10.55,8.72,7.59,6.29,5.54,4.16,3.9,3.83,3.1,3.82,4.16,4.2,3.42,3.81,3.16,2.96,2.26,1.86,1.27,0.69,0.34,0.09,0.09,0.0,0.0,0.0,0.0,0.0,0.0,0.0,0.0,0.0,0.0,0.0,0.0,0.0,0.0,0.0,0.0,0.0
South Quay,2,7317.27,1.82,4.36,7.21,12.06,16.42,20.75,28.17,40.55,58.03,84.68,126.41,172.34,203.33,212.38,209.24,188.2,152.26,123.03,106.21,93.7,81.25,74.24,71.02,71.16,70.45,69.26,72.37,74.08,76.72,82.73,90.71,95.07,97.01,96.92,96.66,96.4,93.02,92.52,97.66,99.59,99.27,109.45,126.99,133.82,147.4,164.83,208.63,226.07,247.59,251.0,253.39,210.93,182.24,153.59,134.74,110.93,95.52,83.02,70.91,59.65,51.68,48.27,46.5,44.74,44.38,42.7,40.03,38.09,35.66,32.12,31.1,28.91,25.45,35.38,37.2,34.01,29.92,26.39,10.64,3.38,0.78,0.0,0.0,0.0,0.0,0.0,0.0,0.0,0.0,0.0,0.0,0.0,0.0,0.0,0.0,0.0
South Ruislip,5,2776.11,10.22,17.49,35.7,49.97,61.69,66.37,92.09,96.89,115.78,127.18,150.02,127.17,134.53,115.71,105.24,82.78,82.91,59.88,52.95,41.53,38.96,35.01,32.53,30.93,28.62,27.59,25.66,25.55,25.29,24.25,24.0,24.13,22.73,21.36,20.11,15.99,19.17,19.73,19.62,21.96,26.14,23.93,25.22,26.94,27.26,31.68,35.29,37.83,37.74,41.9,40.24,36.06,30.29,31.02,25.41,20.65,16.84,17.35,12.57,10.04,8.95,9.35,8.17,7.94,7.05,6.32,6.16,5.96,5.4,5.4,4.82,4.08,3.39,3.05,2.2,1.77,1.18,0.75,0.25,0.2,0.03,0.0,0.0,0.0,0.0,0.0,0.0,0.0,0.0,0.0,0.0,0.0,0.0,0.0,0.0,0.0
South Tottenham,3,3181.17,0.01,3.72,4.91,14.52,22.51,36.78,44.23,56.84,63.2,70.5,69.84,74.75,72.73,66.65,61.49,56.05,46.77,40.55,35.46,31.3,29.13,26.43,25.81,26.03,25.22,24.26,26.01,27.0,27.29,28.3,29.71,29.59,29.78,30.04,30.8,32.18,33.45,34.19,37.18,40.17,44.26,49.99,55.4,61.02,65.63,72.17,78.59,88.96,92.19,93.62,91.01,88.24,79.53,74.85,69.94,65.13,58.15,51.95,47.89,46.05,42.05,38.18,36.43,33.53,27.08,23.26,21.05,18.67,15.71,14.71,15.61,14.97,13.42,10.64,8.91,4.8,2.11,0.07,0.03,0.0,0.0,0.0,0.0,0.0,0.0,0.0,0.0,0.0,0.0,0.0,0.0,0.0,0.0,0.0,0.0,0.0
South Wimbledon,3/4,6492.87,10.67,17.14,28.44,42.57,53.88,70.41,93.54,121.08,154.32,205.54,268.13,321.4,337.29,339.03,308.84,248.82,184.31,144.43,108.67,84.74,72.18,64.97,62.58,60.02,58.24,58.01,58.26,57.35,57.52,56.93,56.08,56.61,55.16,52.85,51.11,50.32,49.68,48.95,51.98,55.18,58.09,64.26,76.92,84.48,94.28,100.32,109.43,114.56,121.44,124.45,131.06,127.55,121.93,111.36,105.4,92.71,77.77,63.33,53.28,40.58,33.02,29.43,27.53,25.93,24.16,22.9,22.99,21.82,20.6,19.36,19.33,16.78,14.97,13.77,11.45,7.31,5.46,3.31,1.16,0.48,0.39,0.18,0.09,0.0,0.0,0.0,0.0,0.0,0.0,0.0,0.0,0.0,0.0,0.0,0.0,0.0
South Woodford,4,6886.02,14.97,31.41,53.09,80.17,105.13,127.56,151.03,172.09,196.43,225.9,272.1,306.15,324.81,326.97,316.08,272.33,227.72,186.92,157.86,129.53,116.73,104.86,101.26,94.16,88.4,83.09,83.26,82.99,79.32,76.33,76.34,73.58,69.96,68.74,68.37,65.01,61.34,60.15,61.42,60.72,61.6,64.67,69.36,73.69,78.54,82.32,90.89,96.04,98.47,99.92,103.74,96.36,85.51,73.84,65.18,51.33,41.33,34.35,29.92,23.91,20.88,18.53,18.16,16.8,15.33,14.69,15.4,13.89,12.33,11.77,11.88,9.07,7.92,7.61,6.53,3.89,2.94,2.03,0.81,0.22,0.08,0.0,0.0,0.0,0.0,0.0,0.0,0.0,0.0,0.0,0.0,0.0,0.0,0.0,0.0,0.0
Southall,4,13291.0,33.68,63.32,125.98,211.75,288.72,328.29,379.49,389.05,377.92,384.38,442.75,457.95,458.61,456.41,419.62,369.55,323.21,290.3,258.69,231.61,201.55,186.3,179.52,171.49,160.37,161.46,161.95,161.41,156.41,159.02,155.83,149.94,144.2,144.9,145.4,147.32,143.81,146.19,149.63,152.25,154.0,174.02,189.29,198.0,203.78,214.39,211.03,201.75,200.53,202.96,198.59,180.65,171.08,149.36,126.34,105.29,96.16,84.41,79.04,71.7,65.8,62.4,56.99,52.58,48.66,46.14,42.16,42.15,37.53,34.65,28.56,23.79,16.77,13.26,8.63,5.6,2.63,1.16,0.53,0.15,0.07,0.24,0.17,0.17,0.17,0.17,0.0,0.0,0.0,0.0,0.0,0.0,0.0,5.76,5.76,5.76
Southbury,5,2113.54,2.6,2.6,13.59,13.59,33.21,54.01,54.57,67.43,68.64,69.07,49.31,67.33,43.47,53.29,53.0,51.95,43.7,43.7,42.53,20.19,28.18,17.86,25.96,16.08,24.29,16.3,25.05,16.95,25.17,16.97,24.81,16.06,24.72,16.5,24.98,17.14,26.54,17.88,29.05,20.57,33.63,24.23,42.38,31.21,51.63,39.15,63.66,46.65,60.17,40.76,51.51,27.74,35.26,22.55,29.24,17.9,24.71,16.05,22.32,14.62,18.68,11.13,16.76,9.69,12.37,8.31,12.55,6.93,8.98,6.29,8.36,4.12,5.47,3.42,3.45,1.39,1.39,0.03,0.03,0.0,0.0,0.0,0.0,0.0,0.0,0.0,0.0,0.0,0.0,0.0,0.0,0.0,0.0,0.0,0.0,0.0
Southfields,3,9521.29,5.0,13.92,26.64,42.9,68.68,102.8,158.36,223.99,314.58,423.48,515.41,541.0,525.49,490.06,406.83,319.62,265.34,235.5,189.09,159.62,139.15,122.7,109.95,105.11,100.19,97.1,98.17,97.79,94.34,91.15,89.87,84.6,81.17,79.04,78.37,75.22,74.14,71.55,74.86,106.98,114.8,121.44,134.59,145.34,129.39,141.41,151.75,153.36,152.55,150.66,145.2,138.91,132.35,121.77,110.43,95.05,79.8,64.82,52.99,38.92,29.12,22.6,18.72,17.19,16.58,15.77,16.67,16.41,14.86,13.45,13.22,11.91,9.97,7.99,6.8,5.16,2.65,1.69,1.28,0.79,0.09,0.05,0.0,0.0,0.0,0.0,0.0,0.0,0.0,0.0,0.0,0.0,0.0,1.0,1.0,1.0
Southgate,4,6614.11,15.27,23.84,41.27,59.83,82.34,107.31,140.69,166.77,192.99,225.67,262.38,277.05,276.78,272.25,256.79,220.62,187.42,166.14,143.76,119.05,104.01,98.62,94.27,90.57,87.35,87.58,84.93,81.92,79.13,78.19,76.61,74.49,73.18,71.97,68.85,66.28,66.5,65.48,68.06,69.03,73.52,78.03,84.3,85.68,90.28,92.27,96.64,99.01,103.63,103.74,100.33,93.14,83.62,72.63,63.73,55.92,47.34,40.41,35.68,32.7,28.02,25.52,25.35,22.52,18.72,17.84,17.3,15.83,14.28,13.74,12.4,10.62,8.92,7.94,5.75,4.12,2.52,1.57,0.98,0.83,0.67,0.5,0.34,0.0,0.0,0.0,0.0,0.0,0.0,0.0,0.0,0.0,0.0,0.0,0.0,0.0
Southwark,1,16809.6,6.84,10.83,25.5,49.02,72.61,90.51,123.65,154.64,184.31,224.58,275.78,325.7,348.98,350.55,326.76,286.46,234.88,201.14,173.58,157.46,143.63,127.58,112.58,109.13,109.41,114.15,124.78,138.79,148.81,149.49,156.14,159.82,157.03,151.58,160.21,164.88,169.66,178.6,196.04,218.58,240.5,261.1,303.62,344.32,378.79,417.48,490.19,529.98,583.09,621.49,635.73,585.81,535.74,469.05,386.25,313.03,263.84,227.11,186.01,170.11,164.08,173.55,167.44,170.77,171.76,174.29,164.64,166.08,165.5,157.17,142.26,123.32,100.95,71.23,51.48,33.84,22.22,13.93,9.11,5.03,2.5,0.54,0.0,0.0,0.0,0.0,0.0,0.0,0.0,0.0,0.0,0.0,0.0,0.0,0.0,0.0
St James Street,3,2517.79,3.82,6.04,10.47,15.65,21.97,25.27,32.29,46.5,64.85,83.05,108.36,135.84,135.25,132.34,123.25,103.91,81.22,75.47,62.27,51.24,45.0,35.71,28.19,25.82,24.49,24.41,25.4,24.94,25.98,25.87,24.98,24.04,25.1,22.91,22.15,23.47,23.85,22.81,23.64,25.82,26.6,27.04,28.99,30.39,30.39,31.68,31.31,32.81,35.47,34.17,35.53,35.77,33.4,29.51,29.96,25.95,24.44,21.68,18.57,14.69,11.91,9.57,8.23,7.76,7.11,6.49,6.46,6.64,5.92,5.52,5.12,4.04,3.16,2.62,2.05,1.35,0.83,0.34,0.25,0.16,0.12,0.12,0.0,0.0,0.0,0.0,0.0,0.0,0.0,0.0,0.0,0.0,0.0,0.0,0.0,0.0
St. James's Park,1,19374.31,0.69,1.98,4.34,7.39,12.85,19.08,27.64,34.84,49.06,63.08,84.28,107.19,136.34,153.49,164.68,165.57,164.8,150.96,143.12,140.17,144.27,140.93,148.73,156.87,171.69,179.37,200.11,216.01,230.67,236.24,248.63,253.43,258.25,255.9,258.68,258.63,258.67,262.05,290.7,312.37,345.2,395.4,464.88,515.49,581.03,636.31,727.94,782.39,850.76,883.69,912.46,843.56,769.3,666.91,564.49,448.97,365.67,296.52,238.1,202.45,177.74,158.77,145.4,134.47,126.78,118.66,117.42,112.91,106.09,94.69,90.55,81.44,71.74,62.79,54.53,41.46,29.95,20.23,13.07,7.32,3.04,0.0,0.0,0.0,0.0,0.0,0.0,0.0,0.0,0.0,0.0,0.0,0.0,0.0,0.0,0.0
St. John's Wood,2,10267.57,2.78,5.27,8.86,14.14,21.47,30.65,44.8,62.71,90.84,125.92,177.9,227.12,268.42,295.13,297.43,272.45,238.27,200.31,165.21,143.52,129.16,119.39,116.73,115.26,114.96,113.43,115.67,119.13,119.61,118.85,121.53,120.03,118.1,116.44,118.7,123.68,128.25,132.33,146.84,163.97,174.18,189.39,211.86,219.84,229.53,240.59,266.48,274.41,307.4,296.41,300.24,270.5,249.59,201.72,192.9,162.7,143.08,121.71,111.85,99.19,91.3,85.54,80.4,71.37,60.16,52.17,50.44,50.83,47.79,46.58,45.5,39.68,31.53,26.37,20.81,14.38,9.79,6.82,3.9,2.26,1.07,0.0,0.0,0.0,0.0,0.0,0.0,0.0,0.0,0.0,0.0,0.0,0.0,0.0,0.0,0.0
St. Paul's,1,17697.91,0.05,2.07,4.23,7.15,10.86,16.31,21.34,25.07,28.9,34.69,41.35,45.67,57.7,63.3,68.05,69.2,74.77,72.07,78.71,83.09,93.47,97.75,106.82,112.58,126.27,137.63,159.48,180.04,197.51,200.65,207.75,208.78,207.55,208.77,224.57,230.7,240.53,251.78,276.35,290.32,313.06,333.51,388.86,428.28,478.84,525.34,618.92,674.59,755.54,806.07,847.22,808.52,747.67,648.46,564.52,468.05,391.9,336.54,297.39,257.95,232.79,214.75,201.49,184.32,174.17,165.83,163.91,152.93,143.09,134.85,129.26,113.72,103.72,94.82,79.21,60.74,43.95,28.53,14.4,5.47,0.84,0.0,0.0,0.0,0.0,0.0,0.0,0.0,0.0,0.0,0.0,0.0,0.0,0.0,0.0,0.0
Stamford Brook,2,4013.46,3.05,6.07,9.59,15.18,22.37,28.42,40.19,55.76,73.99,99.37,136.37,161.31,174.52,174.82,163.41,136.24,110.86,89.59,75.09,63.42,53.85,48.61,47.09,46.08,44.12,44.15,44.25,44.94,44.36,45.55,46.46,45.9,43.25,41.39,40.54,39.44,38.06,37.95,41.29,39.78,39.74,41.74,47.26,50.69,57.38,65.77,78.02,84.05,89.4,91.59,93.58,86.74,80.14,71.7,64.15,52.06,42.82,34.46,32.35,28.9,26.27,23.7,23.31,18.62,17.08,16.43,17.13,16.69,16.39,14.82,15.08,13.12,11.04,8.81,7.8,5.79,4.31,3.26,2.69,1.67,0.18,0.05,0.0,0.0,0.0,0.0,0.0,0.0,0.0,0.0,0.0,0.0,0.0,0.0,0.0,0.0
Stamford Hill,3,1750.35,0.23,0.7,2.52,4.95,8.8,16.05,22.05,27.41,30.95,33.68,37.66,40.96,40.98,41.56,46.59,56.29,50.89,49.15,47.79,40.59,23.35,21.85,21.67,20.37,19.65,19.42,18.26,17.16,16.52,17.14,17.43,19.47,19.31,19.18,18.17,17.9,19.18,21.54,22.77,26.54,30.85,36.25,35.02,37.79,40.29,38.9,41.98,44.69,47.52,42.35,43.9,35.33,33.37,27.78,27.96,25.69,24.58,20.72,18.41,15.61,11.35,9.33,8.57,7.71,6.93,6.88,5.9,5.95,5.09,4.61,3.45,3.01,1.96,1.58,1.16,0.73,0.33,0.08,0.08,0.0,0.0,0.0,0.0,0.0,0.0,0.0,0.0,0.0,0.0,0.0,0.0,0.0,0.0,0.0,0.0,0.0
Stanmore,5,5357.89,13.38,24.18,40.52,66.63,85.78,107.43,131.16,155.71,178.07,226.55,260.4,273.12,264.63,248.16,200.93,157.1,129.99,113.13,95.8,80.64,75.51,67.17,63.63,60.02,59.81,57.87,57.09,55.46,54.29,52.14,50.53,49.83,49.22,47.36,47.44,46.41,43.96,43.08,44.22,45.32,49.48,53.0,58.11,65.71,71.49,79.19,90.16,96.16,97.98,96.66,91.22,81.25,72.57,61.91,53.38,45.33,36.49,28.48,23.28,20.1,16.55,16.14,16.31,15.97,13.97,12.8,11.68,9.86,8.88,8.2,7.75,6.39,5.3,4.46,3.46,2.07,1.39,0.84,0.26,0.0,0.0,0.0,0.0,0.0,0.0,0.0,0.0,0.0,0.0,0.0,0.0,0.0,0.0,0.0,0.0,0.0
Star Lane,2/3,2943.22,5.18,10.18,14.6,21.89,25.99,34.07,35.78,38.99,39.12,43.82,45.07,48.34,47.05,49.07,47.28,41.11,37.06,34.99,30.15,25.31,24.76,22.72,22.29,21.49,20.6,19.34,19.99,19.94,20.85,22.03,23.06,21.85,24.63,24.82,28.05,31.6,39.16,41.59,48.01,49.75,60.16,76.83,94.87,105.44,112.31,111.91,117.38,107.57,103.89,97.04,89.48,62.97,53.64,39.39,35.13,29.36,27.49,23.22,23.41,21.09,18.43,15.42,14.57,12.64,12.57,12.89,16.88,17.6,19.03,17.41,18.23,14.23,12.38,21.32,27.5,24.54,22.9,21.26,8.65,0.61,0.0,0.0,0.0,0.0,0.0,0.0,0.0,0.0,0.0,0.0,0.0,0.0,0.0,0.0,0.0,0.0
Stepney Green,2,9351.41,5.21,9.05,14.52,23.9,31.65,40.84,54.33,72.03,87.09,108.06,138.36,175.72,205.14,223.65,231.4,222.31,196.39,164.25,144.16,127.4,114.74,105.32,109.11,108.8,108.27,105.69,111.96,110.22,107.97,107.32,120.22,119.26,118.12,119.11,126.83,120.14,121.69,125.45,145.03,146.57,156.54,169.26,196.75,197.14,212.43,225.25,250.76,246.29,249.08,244.76,249.43,222.27,206.73,188.67,178.03,150.1,130.19,114.76,112.83,100.85,91.6,90.29,86.02,71.96,63.97,57.94,52.4,49.29,46.36,43.25,43.33,39.72,36.1,34.37,32.33,26.39,20.79,15.86,10.51,5.69,2.57,1.24,0.0,0.0,0.0,0.0,0.0,0.0,0.0,0.0,0.0,0.0,0.0,0.0,0.0,0.0
Stockwell,2,13101.37,16.13,26.74,44.41,71.5,101.56,127.06,163.66,202.09,259.81,327.89,431.89,569.21,694.78,740.76,734.95,664.81,547.32,408.63,310.63,243.76,203.29,163.58,145.4,136.57,134.12,124.55,118.29,119.26,119.61,115.08,116.56,118.5,115.81,111.33,110.38,111.79,111.05,109.61,114.21,116.69,119.17,122.73,131.07,139.4,147.54,150.86,167.74,174.32,186.52,194.62,204.23,200.92,199.09,183.01,172.65,157.16,136.57,116.47,102.68,84.61,70.9,63.46,59.46,54.33,53.67,53.69,53.09,53.47,51.97,50.61,48.16,42.12,35.74,32.18,25.1,19.7,16.15,11.49,6.62,3.66,1.18,0.0,0.0,0.0,0.0,0.0,0.0,0.0,0.0,0.0,0.0,0.0,0.0,0.0,0.0,0.0
Stoke Newington,2,3727.73,0.41,1.67,3.44,6.12,9.43,19.19,26.73,42.66,57.17,78.8,105.1,130.71,134.68,139.89,150.22,159.9,142.37,130.33,116.58,89.83,50.94,40.73,37.99,36.36,34.83,33.07,34.58,35.26,35.6,35.55,37.01,35.07,33.06,32.36,32.74,34.57,35.93,38.51,42.29,45.33,46.77,52.29,57.31,58.06,62.18,62.98,68.38,70.21,76.18,75.26,83.28,77.61,75.89,70.59,66.04,55.59,48.38,40.64,32.45,27.58,22.49,20.49,17.91,18.07,16.32,15.79,16.12,15.92,15.21,15.1,13.99,12.17,10.9,8.54,6.34,4.49,2.32,0.83,0.07,0.0,0.0,0.0,0.0,0.0,0.0,0.0,0.0,0.0,0.0,0.0,0.0,0.0,0.0,0.0,0.0,0.0
Stonebridge Park,3,4648.43,6.74,19.31,37.95,58.4,71.96,93.53,109.1,118.69,134.94,155.81,173.95,181.07,178.82,164.84,150.48,125.04,102.8,90.03,79.69,67.44,59.27,54.7,50.36,47.16,45.3,45.66,46.39,47.2,48.83,49.5,48.36,47.75,46.09,42.92,46.41,49.39,50.16,53.78,58.03,56.47,57.06,65.39,74.26,77.34,78.28,79.89,85.17,82.8,89.23,90.62,92.26,83.6,78.56,64.14,60.15,52.03,42.87,32.97,29.36,22.81,18.31,14.97,14.44,12.03,10.5,10.3,13.37,14.09,13.95,13.4,12.4,10.22,8.99,8.41,7.48,6.34,3.62,1.49,0.79,0.24,0.0,0.0,0.0,0.0,0.0,0.0,0.0,0.0,0.0,0.0,0.0,0.0,0.0,0.0,0.0,0.0
Stratford,2/3,85569.34,135.86,218.68,332.0,454.15,657.73,732.66,940.58,1030.18,1206.44,1186.42,1412.63,1502.13,1692.84,1680.17,1736.21,1593.71,1430.78,1229.01,1099.51,988.94,914.64,844.53,818.92,828.95,831.51,830.72,875.9,913.6,945.69,973.21,1026.57,1084.11,1122.52,1151.67,1198.41,1246.48,1264.25,1280.19,1330.11,1370.48,1393.89,1413.1,1507.46,1619.17,1705.3,1796.54,1985.06,2055.78,2081.83,2092.44,2119.94,1992.36,1883.66,1743.9,1640.57,1489.62,1352.45,1228.09,1141.07,1057.18,972.07,953.09,976.69,941.98,880.75,845.13,789.36,677.22,595.62,510.76,433.25,345.83,278.93,230.93,213.02,167.51,127.94,96.48,66.39,30.07,12.35,3.43,0.0,0.0,0.0,0.0,0.0,0.0,0.0,0.0,0.0,0.0,0.0,2.67,2.67,2.67
Stratford High Street,2/3,2151.86,2.34,4.42,7.81,12.36,14.46,16.54,19.83,20.11,20.08,21.61,25.21,27.18,30.62,32.39,33.86,32.44,29.28,27.14,23.56,23.32,21.84,21.8,20.12,21.79,19.72,19.2,19.15,20.84,20.91,22.52,25.59,27.18,28.4,30.42,35.51,36.92,39.84,41.47,42.69,43.54,47.37,49.81,52.71,53.27,53.17,52.89,56.24,57.27,58.73,54.6,49.65,41.8,35.88,32.94,31.21,30.03,29.98,28.85,28.17,27.47,27.92,30.68,31.78,29.29,28.29,25.04,18.7,15.29,13.92,12.08,11.61,9.92,8.67,8.09,7.25,5.72,4.71,3.58,1.91,1.09,0.23,0.0,0.0,0.0,0.0,0.0,0.0,0.0,0.0,0.0,0.0,0.0,0.0,0.0,0.0,0.0
Stratford International DLR,2/3,6763.03,3.08,6.08,11.45,24.61,35.65,44.17,67.52,83.69,100.19,120.83,154.83,181.8,203.09,210.26,213.01,192.94,159.44,134.44,114.1,95.41,85.94,80.97,79.02,76.16,74.98,74.41,74.96,72.25,72.21,67.46,66.77,67.52,66.15,65.76,70.46,73.06,71.02,72.93,79.87,85.7,88.12,91.46,105.54,112.28,120.87,125.41,135.91,137.2,141.13,140.83,147.04,147.09,139.17,123.8,113.16,96.71,80.47,70.47,64.79,54.72,49.32,44.24,43.53,40.69,38.13,37.8,39.23,35.9,35.75,37.06,34.61,32.33,27.79,44.94,63.66,73.03,72.67,70.1,46.18,20.22,5.51,0.0,0.0,0.0,0.0,0.0,0.0,0.0,0.0,0.0,0.0,0.0,0.0,0.0,0.0,0.0
Sudbury Hill,4,2845.82,10.37,20.84,38.42,53.03,68.83,83.03,96.08,99.11,108.89,113.42,120.53,121.91,117.37,110.2,103.43,84.59,69.13,60.91,52.23,42.31,39.07,36.94,36.73,34.23,32.67,31.61,30.19,28.7,27.39,27.94,27.8,27.5,25.87,26.34,26.83,31.2,31.68,32.35,33.39,34.47,31.17,31.93,33.25,31.59,29.26,28.28,28.95,30.46,32.41,33.85,35.0,34.27,31.51,29.11,26.3,22.94,18.6,15.2,13.21,12.12,10.35,10.29,11.91,11.67,10.42,9.81,8.25,5.44,4.17,3.32,2.87,2.21,1.99,1.46,1.43,1.05,0.93,0.55,0.44,0.15,0.1,0.08,0.01,0.0,0.0,0.0,0.0,0.0,0.0,0.0,0.0,0.0,0.0,0.0,0.0,0.0
Sudbury Town,4,2864.06,8.07,15.64,26.86,42.07,49.76,62.82,76.97,88.27,99.03,116.11,128.64,134.21,132.64,125.62,115.4,96.61,79.46,70.26,60.99,52.3,48.2,46.6,43.55,39.98,38.75,37.18,35.17,32.84,32.44,30.14,29.63,29.05,27.48,28.7,29.16,28.54,27.44,28.11,26.81,26.32,26.17,28.06,29.51,29.98,30.21,31.21,30.88,29.95,30.49,30.67,30.49,29.62,28.32,25.64,23.76,21.15,18.57,16.11,14.67,13.15,11.24,9.7,8.67,7.57,6.82,6.94,6.63,6.3,5.83,4.78,4.12,3.89,3.22,2.44,2.45,1.89,1.34,1.24,1.13,0.76,0.47,0.15,0.05,0.0,0.0,0.0,0.0,0.0,0.0,0.0,0.0,0.0,0.0,0.0,0.0,0.0
Surrey Quays,2,7403.91,0.0,9.86,23.1,38.99,63.63,91.02,115.42,139.7,163.05,188.44,219.17,253.23,279.42,290.9,291.87,275.28,240.62,200.4,168.9,137.34,114.27,95.34,88.15,86.19,81.64,76.23,76.07,76.17,73.19,71.12,73.17,75.02,74.76,73.68,76.25,77.5,76.34,74.21,76.04,77.32,78.81,81.08,87.59,95.02,103.84,113.11,123.75,130.96,139.42,139.18,140.99,137.7,133.48,124.34,118.26,102.81,91.11,76.25,65.19,56.47,50.13,42.47,40.29,36.73,33.82,30.64,31.71,30.21,28.9,25.89,26.26,23.27,21.93,18.68,15.55,11.39,7.81,4.18,1.56,0.15,0.0,0.0,0.0,0.0,0.0,0.0,0.0,0.0,0.0,0.0,0.0,0.0,0.0,0.0,0.0,0.0
Swiss Cottage,2,9688.79,3.85,6.92,12.88,20.59,29.17,41.03,56.43,75.26,101.66,140.19,192.18,248.52,292.63,313.15,313.97,287.58,248.81,206.48,178.56,152.84,134.24,117.95,111.13,103.25,98.88,97.19,97.98,99.61,102.6,101.61,105.01,105.72,103.24,98.96,98.48,95.21,94.55,93.56,99.0,109.14,118.24,140.0,179.12,199.63,222.19,247.79,279.05,269.76,270.82,257.57,250.76,214.17,200.82,184.57,173.25,147.87,127.2,108.89,100.05,89.17,83.2,78.03,73.51,63.58,61.86,54.07,61.43,60.86,63.06,60.32,60.53,49.6,44.03,35.08,26.27,18.96,11.78,6.36,3.57,1.39,0.39,0.0,0.0,0.0,0.0,0.0,0.0,0.0,0.0,0.0,0.0,0.0,0.0,0.0,0.0,0.0
Sydenham,3,7575.24,9.82,34.0,51.28,74.74,109.94,150.02,195.32,246.73,300.76,381.3,431.54,452.52,440.04,423.66,350.97,289.38,232.31,201.79,158.91,133.44,109.84,95.26,88.42,87.46,85.66,86.78,85.29,84.36,81.33,78.68,74.32,70.52,62.01,57.21,52.79,52.63,48.22,50.21,51.7,55.94,56.98,59.98,63.3,67.02,67.0,67.86,71.61,73.09,74.13,75.46,77.18,74.52,68.87,63.29,57.33,49.37,42.26,36.63,31.9,28.25,25.88,22.51,21.66,19.04,17.16,15.72,16.75,15.2,15.3,14.14,13.61,11.66,10.23,8.42,6.81,3.93,2.15,1.22,0.17,0.17,0.17,0.17,0.0,0.0,0.0,0.0,0.0,0.0,0.0,0.0,0.0,0.0,0.0,0.0,0.0,0.0
Taplow,CPC,1459.89,1.54,3.63,9.04,11.96,15.57,17.04,29.68,36.25,47.14,61.62,74.24,74.17,68.16,63.54,50.1,37.26,28.36,30.45,24.72,22.85,28.15,26.81,21.74,24.86,25.85,23.0,22.37,21.68,17.69,15.41,12.33,10.5,11.23,11.75,10.9,10.34,12.29,10.17,9.6,9.19,9.58,8.96,12.55,16.63,23.77,26.92,27.89,29.0,28.91,26.48,26.0,27.38,23.77,21.75,17.95,14.42,10.12,8.23,6.73,5.39,5.0,3.7,3.63,0.66,0.75,0.53,1.48,1.42,2.21,2.76,3.7,4.52,4.51,3.91,3.02,2.02,0.23,0.23,0.0,0.0,0.0,0.0,0.0,0.0,0.0,0.0,0.0,0.0,0.0,0.0,0.0,0.0,0.0,0.0,0.0,0.0
Temple,1,15469.73,0.39,0.58,1.06,1.56,2.61,3.45,5.76,7.79,9.2,10.77,14.69,16.22,20.69,23.72,27.72,29.26,32.16,33.37,45.11,50.09,56.55,64.66,82.95,85.48,91.79,99.65,120.76,120.3,128.39,136.04,158.37,154.08,156.84,161.91,185.38,183.53,194.37,207.71,247.22,247.84,261.87,284.64,346.59,352.16,393.11,424.83,500.66,512.74,559.44,597.01,676.54,651.22,627.63,583.52,540.24,433.8,384.05,340.21,314.99,280.0,264.09,233.22,229.62,211.57,197.64,194.7,216.86,225.66,230.64,221.75,209.97,174.73,135.61,110.47,97.5,80.01,60.0,45.19,28.6,14.35,2.26,0.0,0.0,0.0,0.0,0.0,0.0,0.0,0.0,0.0,0.0,0.0,0.0,0.0,0.0,0.0
Theobalds Grove,7,1577.81,5.5,5.5,18.04,20.52,33.53,57.39,57.87,75.1,73.38,89.92,66.96,86.23,67.1,67.04,40.55,39.65,27.98,17.8,22.39,14.58,19.81,12.38,16.67,11.53,15.22,10.69,16.6,12.17,16.5,12.51,16.08,9.93,13.53,9.2,12.96,8.88,13.31,9.74,14.37,10.53,17.63,13.42,19.36,15.04,21.86,14.75,28.23,22.11,31.64,25.02,34.36,20.31,26.36,16.52,20.92,11.64,13.47,7.29,8.51,3.8,5.24,3.46,5.47,4.25,5.97,4.44,5.51,3.56,4.15,2.22,2.88,1.7,2.38,1.62,1.56,0.77,0.77,0.0,0.0,0.0,0.0,0.0,0.0,0.0,0.0,0.0,0.0,0.0,0.0,0.0,0.0,0.0,0.0,0.0,0.0,0.0
Theydon Bois,6,1271.77,6.48,12.23,19.85,26.47,33.92,38.98,44.29,47.76,53.99,62.36,72.44,72.43,70.83,62.52,50.08,34.56,27.27,20.37,16.14,14.54,13.96,12.69,13.16,13.36,12.96,12.45,12.91,11.88,11.1,11.88,12.3,11.4,10.55,9.95,9.12,8.78,8.62,10.93,12.08,12.13,13.44,17.26,17.61,17.6,17.74,16.91,14.15,12.94,12.47,12.07,11.24,9.49,8.33,7.16,6.01,4.97,4.23,3.17,2.8,2.32,1.98,1.97,1.9,1.98,2.01,2.09,2.98,3.12,3.1,3.94,4.3,3.23,2.84,2.33,1.21,0.55,0.31,0.19,0.11,0.11,0.0,0.0,0.0,0.0,0.0,0.0,0.0,0.0,0.0,0.0,0.0,0.0,0.0,0.0,0.0,0.0
Tooting Bec,3,11023.77,9.13,20.07,34.81,59.85,85.52,121.01,166.51,234.29,314.95,413.62,508.53,606.42,650.75,640.4,586.43,503.64,384.59,285.19,213.65,165.33,133.91,117.89,109.45,107.18,101.71,98.18,98.6,100.2,97.01,93.56,94.65,94.43,90.4,87.23,86.61,83.61,78.45,76.33,78.03,80.66,84.64,90.69,100.82,109.16,118.84,133.47,149.46,167.49,178.79,182.49,182.69,178.54,164.55,151.46,138.43,119.16,100.89,84.03,71.47,62.77,57.17,54.67,50.33,45.91,42.5,38.29,33.3,30.99,29.58,26.45,24.96,23.17,20.51,17.45,15.26,11.53,7.4,5.33,3.37,1.7,0.89,0.41,0.0,0.0,0.0,0.0,0.0,0.0,0.0,0.0,0.0,0.0,0.0,0.0,0.0,0.0
Tooting Broadway,3,20941.67,27.8,47.22,79.34,126.87,172.76,234.96,309.54,393.97,474.8,584.91,709.48,831.93,881.15,886.19,822.74,706.26,550.32,432.54,342.93,279.78,233.5,213.3,208.29,208.39,204.49,206.86,209.95,210.44,208.05,207.62,211.78,212.09,210.15,207.37,208.99,207.79,208.45,209.77,218.6,227.79,237.24,245.01,271.09,295.62,327.09,354.85,406.14,437.53,458.98,459.05,451.73,416.9,375.74,334.79,301.65,269.92,237.08,209.53,190.75,171.26,152.5,136.1,123.89,110.38,96.42,91.84,92.78,90.18,83.14,79.19,71.7,58.96,48.09,39.13,31.61,21.96,14.9,9.43,5.13,1.86,0.95,0.45,0.0,0.0,0.0,0.0,0.0,0.0,0.0,0.0,0.0,0.0,0.0,0.0,0.0,0.0
Tottenham Court Road,1,94897.54,1.51,13.24,28.73,47.51,66.07,90.6,110.16,126.6,141.02,163.23,186.49,223.6,266.37,313.2,349.36,381.74,392.49,391.81,383.3,383.53,385.89,392.94,414.59,448.97,479.68,513.62,560.69,616.48,667.87,705.91,759.7,814.98,856.32,892.77,956.6,1016.83,1063.25,1114.06,1199.91,1275.15,1372.03,1455.48,1583.55,1690.77,1833.09,1956.27,2236.48,2468.16,2749.4,2966.84,3227.43,3241.69,3115.83,2901.45,2722.88,2406.6,2145.92,1996.53,1896.82,1780.75,1733.37,1730.84,1776.06,1781.09,1804.15,1865.02,2171.28,2358.12,2407.94,2362.1,2268.49,1862.76,1509.39,1276.14,1049.5,812.17,563.69,356.92,181.35,80.66,1.74,0.0,0.0,0.0,0.0,0.0,0.0,0.0,0.0,0.0,0.0,0.0,0.0,0.0,0.0,0.0
Tottenham Hale LU,3,22369.66,12.37,29.64,79.78,135.62,178.66,291.47,397.65,490.25,570.41,711.4,780.29,864.21,914.48,925.35,837.71,788.63,654.51,562.56,495.47,460.9,383.9,362.08,319.64,292.17,275.86,256.88,258.12,243.34,242.4,228.91,231.28,227.04,228.29,216.33,219.66,215.86,209.38,205.41,209.4,209.82,216.51,220.05,236.18,255.49,281.06,302.71,338.78,369.94,396.19,407.46,407.81,412.67,387.16,350.55,312.62,285.92,232.0,194.47,168.11,148.04,125.41,112.57,106.69,98.69,92.26,86.41,80.18,73.58,69.29,64.93,59.04,56.65,52.72,46.85,37.87,30.44,19.57,10.84,3.0,1.22,0.37,0.24,0.0,0.0,0.0,0.0,0.0,0.0,0.0,0.0,0.0,0.0,0.0,0.0,0.0,0.0
Totteridge & Whetstone,4,3552.08,4.91,10.3,17.48,29.92,40.16,53.44,70.75,89.29,112.92,146.57,184.39,209.21,221.49,215.0,195.93,160.23,128.1,101.26,84.35,67.44,58.17,50.61,48.43,43.8,41.76,40.09,39.72,38.33,35.67,33.96,33.19,32.32,29.81,29.73,29.12,27.58,26.13,25.71,26.02,26.53,27.22,28.84,31.99,34.77,37.19,38.75,40.52,42.32,42.0,41.57,41.08,39.36,34.45,30.44,25.93,21.92,17.77,14.56,12.16,10.39,8.83,7.2,6.88,6.09,5.73,5.58,5.54,5.34,5.27,4.89,4.27,3.7,2.96,2.45,1.66,1.06,0.71,0.48,0.19,0.12,0.07,0.0,0.0,0.0,0.0,0.0,0.0,0.0,0.0,0.0,0.0,0.0,0.0,0.0,0.0,0.0
Tower Gateway,1,3764.42,1.33,2.0,2.95,4.51,6.56,8.59,10.82,13.37,15.58,17.92,22.31,26.66,31.78,36.74,38.52,38.44,36.15,33.15,28.84,26.27,23.43,22.32,21.29,21.54,22.33,22.89,24.84,27.59,30.44,33.59,35.59,36.5,36.14,38.17,38.93,40.56,41.63,43.56,44.03,47.92,51.9,60.73,69.76,77.46,83.28,90.56,99.99,113.12,127.1,139.04,147.51,146.02,138.66,129.16,113.41,98.04,85.18,71.06,57.12,51.99,47.27,44.62,42.91,44.14,41.5,39.25,37.06,37.01,34.41,33.79,37.01,37.2,35.13,32.67,40.12,45.14,41.27,35.5,31.07,17.33,3.19,0.0,0.0,0.0,0.0,0.0,0.0,0.0,0.0,0.0,0.0,0.0,0.0,0.0,0.0,0.0
Tower Hill,1,23347.49,9.09,17.17,34.85,63.62,114.47,167.97,226.19,284.88,325.42,346.28,389.5,455.07,497.03,537.11,543.21,511.2,442.52,368.52,309.54,270.23,258.2,239.4,242.35,242.13,247.57,241.67,245.51,252.4,260.41,265.32,271.44,279.11,281.34,274.32,275.68,278.97,284.88,291.81,313.63,333.2,348.86,370.83,409.31,433.55,476.03,512.94,586.28,635.54,689.06,708.69,726.11,678.1,614.7,537.61,465.51,385.81,323.71,279.4,252.21,226.67,213.26,200.09,189.99,175.71,166.43,156.78,151.35,148.54,148.38,141.71,136.51,127.85,111.37,89.34,75.16,60.04,41.69,28.39,18.37,9.64,2.08,0.66,0.0,0.0,0.0,0.0,0.0,0.0,0.0,0.0,0.0,0.0,0.0,0.0,0.0,0.0
Tufnell Park,2,5393.87,1.53,4.41,8.55,15.56,23.94,32.81,43.05,59.28,77.83,98.95,127.58,169.74,202.59,220.03,232.6,228.73,203.21,170.24,144.13,121.48,105.15,90.23,82.76,79.5,75.06,68.34,65.43,66.84,68.45,64.63,64.81,68.02,68.27,63.8,64.27,62.79,57.58,52.67,52.31,54.74,58.96,61.74,65.39,70.16,69.58,68.86,75.13,78.81,81.92,85.43,90.22,90.64,92.36,87.09,82.67,72.59,60.24,48.0,42.16,33.93,28.4,25.48,24.21,22.43,22.53,24.91,26.0,25.95,29.74,32.18,30.75,28.88,27.42,20.7,15.48,11.83,8.72,5.42,2.94,1.29,0.53,0.27,0.0,0.0,0.0,0.0,0.0,0.0,0.0,0.0,0.0,0.0,0.0,0.0,0.0,0.0
Turkey Street,6,2262.5,5.05,5.05,20.51,20.51,36.56,59.84,60.6,72.09,73.18,92.21,69.27,94.17,67.22,80.92,59.57,59.22,44.85,44.85,43.09,24.3,35.41,24.12,36.0,22.99,32.61,21.5,30.39,18.52,31.36,21.73,30.89,22.0,30.71,17.86,25.37,16.21,25.24,16.53,29.12,21.61,43.71,34.68,54.87,42.28,59.65,37.87,54.2,34.26,47.61,30.74,39.24,23.1,29.23,16.05,21.28,12.62,15.69,9.31,12.01,6.29,9.73,6.47,8.88,6.01,8.7,5.1,8.14,5.73,7.94,5.25,6.89,3.85,4.81,2.59,2.59,0.96,0.96,0.0,0.0,0.0,0.0,0.0,0.0,0.0,0.0,0.0,0.0,0.0,0.0,0.0,0.0,0.0,0.0,0.0,0.0,0.0
Turnham Green,2/3,8392.9,6.1,10.63,17.81,27.74,45.37,60.52,85.37,114.78,154.53,205.68,271.41,312.88,333.72,337.67,310.99,260.03,218.35,183.83,156.31,135.56,120.81,109.14,104.55,98.37,91.14,90.65,93.74,94.08,89.37,87.5,85.95,81.27,78.65,78.29,81.53,81.28,81.6,80.76,87.01,91.43,95.89,99.17,113.06,132.03,145.22,156.92,176.68,180.62,176.25,180.58,185.33,176.51,169.18,151.69,132.46,108.32,89.57,73.82,64.18,51.73,45.37,41.48,43.51,41.91,41.52,41.2,44.08,42.46,45.79,44.65,45.63,39.43,33.2,25.49,22.91,19.37,16.32,14.82,12.11,8.32,4.05,2.6,0.0,0.0,0.0,0.0,0.0,0.0,0.0,0.0,0.0,0.0,0.0,0.36,0.36,0.36
Turnpike Lane,3,12919.26,30.56,54.9,90.55,138.38,183.61,238.98,293.83,338.11,365.36,389.27,430.91,474.25,501.96,519.16,522.97,484.02,420.77,357.18,308.27,263.96,228.36,203.36,193.2,183.4,171.44,161.13,157.08,152.75,147.62,139.56,139.67,138.42,135.98,133.02,136.59,137.84,136.13,134.23,135.87,136.82,132.93,131.02,135.03,138.11,139.74,147.71,159.35,168.55,173.8,177.82,179.7,176.1,169.08,159.79,148.05,132.62,114.46,95.66,81.84,70.82,58.78,50.67,45.4,40.57,37.0,36.5,41.42,43.87,41.06,38.71,35.77,27.81,20.75,18.03,14.88,10.95,7.06,4.54,2.54,0.71,0.4,0.21,0.0,0.0,0.0,0.0,0.0,0.0,0.0,0.0,0.0,0.0,0.0,0.0,0.0,0.0
Twyford,CPC,6502.76,2.82,6.59,6.73,16.62,17.16,142.06,144.03,240.59,240.52,362.25,249.08,324.35,246.34,269.71,176.33,182.02,127.94,110.51,99.83,77.85,92.86,65.95,72.36,81.73,89.73,55.65,72.85,67.13,48.32,33.41,47.37,32.95,49.43,36.19,54.98,40.38,56.24,37.82,57.11,38.32,71.9,63.18,105.99,112.74,154.97,172.57,183.24,167.69,146.53,144.61,111.67,107.2,87.65,100.02,71.0,57.02,45.62,37.91,35.83,39.17,41.91,37.16,41.78,26.62,19.4,12.03,17.18,12.57,20.24,14.77,15.78,14.19,14.19,6.52,4.59,5.11,1.54,1.54,1.54,1.72,0.18,0.18,0.18,0.21,0.03,0.03,0.03,0.03,0.0,0.01,0.01,0.01,0.22,0.22,0.21,0.21
Upminster,6,7780.13,23.78,50.59,88.26,129.44,154.48,196.77,243.06,270.63,309.89,377.34,421.55,437.04,426.6,392.2,325.08,254.18,195.99,147.32,121.42,104.74,92.69,78.59,86.58,80.15,73.17,73.37,69.45,68.38,64.57,62.79,59.49,57.12,54.29,54.3,52.6,52.57,52.99,52.85,52.41,62.03,75.89,94.03,100.09,111.69,114.74,112.89,100.08,103.7,98.38,91.78,82.99,78.96,70.52,62.55,57.81,49.39,45.18,39.21,34.2,27.26,27.0,22.06,20.22,19.16,19.13,16.56,18.91,17.69,16.77,14.1,14.5,10.31,9.07,6.47,5.65,2.05,1.3,0.24,0.24,0.01,0.0,0.0,0.0,0.0,0.0,0.0,0.0,0.0,0.0,0.0,0.0,0.0,0.0,5.53,5.53,5.53
Upminster Bridge,6,1405.38,5.9,11.27,17.3,24.49,32.79,38.8,42.78,48.23,55.12,61.44,67.87,70.29,66.25,56.46,44.3,30.91,22.37,17.03,15.65,15.2,14.36,12.6,12.9,11.33,10.56,15.88,18.25,18.25,18.67,18.37,13.77,11.91,11.52,11.53,17.59,19.9,21.92,22.1,21.46,20.63,21.53,29.75,33.25,34.47,30.1,27.03,17.96,14.55,13.48,12.21,11.15,9.64,8.84,7.49,6.56,5.77,4.74,4.02,3.5,3.35,3.01,3.34,3.04,3.1,2.69,3.42,3.06,2.83,2.45,2.23,1.43,1.38,1.29,1.16,0.96,0.69,0.16,0.0,0.0,0.0,0.0,0.0,0.0,0.0,0.0,0.0,0.0,0.0,0.0,0.0,0.0,0.0,0.0,0.6,0.6,0.6
Upney,4,4013.84,17.48,32.91,54.29,77.19,98.42,115.87,125.51,127.95,127.83,130.51,139.9,149.34,150.68,151.83,144.81,125.27,107.03,93.82,79.08,70.57,64.8,58.78,57.49,53.24,50.69,49.48,49.1,47.75,47.07,46.32,45.59,43.98,43.43,44.42,44.63,44.07,43.72,43.21,42.12,45.1,47.22,47.77,48.98,49.77,45.2,45.31,48.36,49.08,47.73,49.23,47.22,42.99,39.13,38.83,34.4,31.7,28.65,25.54,20.7,18.32,14.94,12.44,11.2,10.56,9.54,8.53,8.69,7.99,6.71,6.13,5.59,4.08,4.28,3.75,3.1,2.26,1.92,0.46,0.2,0.03,0.03,0.0,0.0,0.0,0.0,0.0,0.0,0.0,0.0,0.0,0.0,0.0,0.0,0.0,0.0,0.0
Upper Holloway,2,3103.41,0.0,0.0,3.1,7.06,10.89,16.85,23.6,30.26,35.02,43.58,50.8,58.79,59.98,59.91,54.55,46.92,37.48,31.35,27.26,25.0,22.96,22.3,21.14,20.67,19.74,19.81,19.67,21.34,21.47,23.96,25.8,26.76,26.87,28.56,29.17,31.36,33.94,36.53,40.9,44.06,47.23,51.98,62.46,72.89,83.23,95.53,111.44,116.78,119.43,120.88,115.81,103.49,93.25,82.54,70.51,61.88,55.53,49.28,46.64,44.8,42.06,37.98,36.12,31.0,26.02,23.59,22.53,17.62,17.44,18.51,17.61,13.05,14.51,9.9,5.77,2.45,2.16,0.08,0.0,0.0,0.0,0.0,0.0,0.0,0.0,0.0,0.0,0.0,0.0,0.0,0.0,0.0,0.0,0.0,0.0,0.0
Upton Park,3,19634.59,68.33,112.48,191.0,263.7,330.97,400.47,461.41,478.67,485.41,497.32,522.42,559.83,593.66,609.47,612.25,575.79,506.45,436.04,385.39,338.86,302.34,275.9,272.45,267.22,254.37,245.03,240.0,230.36,219.8,219.97,224.32,232.82,234.85,240.0,246.21,253.12,246.61,245.25,248.45,262.46,266.8,287.92,302.41,317.47,308.92,309.74,307.04,308.24,296.32,287.14,281.18,266.22,245.17,228.05,214.5,195.23,179.12,163.77,152.79,140.44,126.46,112.37,104.9,92.56,83.21,77.98,79.4,76.81,74.82,70.07,63.93,51.96,42.01,36.73,30.23,22.59,17.16,11.33,4.87,2.51,1.64,0.7,0.45,0.0,0.0,0.0,0.0,0.0,0.0,0.0,0.0,0.0,0.0,0.0,0.0,0.0
Uxbridge,6,9506.56,13.42,23.88,39.9,57.32,77.1,100.66,121.31,147.1,183.72,222.29,244.11,254.9,244.74,217.84,178.16,148.85,130.68,120.99,108.0,103.07,102.36,100.25,100.77,106.79,111.37,115.6,119.04,122.1,123.22,123.77,127.13,132.94,134.57,136.18,138.18,137.96,137.87,137.8,144.73,154.73,159.93,165.79,184.39,204.21,219.76,243.99,267.06,285.09,291.76,288.33,274.69,252.6,217.76,178.74,151.31,121.54,97.81,78.88,68.47,58.18,54.11,47.25,44.21,40.01,36.17,31.31,29.1,26.61,24.33,21.38,20.01,17.83,15.19,12.42,10.18,7.73,5.48,3.69,2.29,1.22,0.37,0.0,0.0,0.0,0.0,0.0,0.0,0.0,0.0,0.0,0.0,0.0,0.0,0.0,0.0,0.0
Vauxhall LU,1/2,37954.4,11.91,17.07,60.91,92.84,169.43,239.14,345.38,438.65,585.92,720.05,915.49,1099.83,1248.37,1318.62,1313.77,1219.48,1076.18,906.93,748.83,647.57,550.76,477.97,435.35,429.66,399.23,392.58,388.6,404.94,394.61,388.58,380.4,385.88,362.46,361.05,353.44,359.59,350.77,360.6,364.45,399.6,409.72,454.66,497.9,570.66,639.71,719.05,796.17,890.94,975.79,1021.87,1068.84,1067.46,998.83,882.86,770.03,634.5,505.95,417.46,342.4,289.98,255.89,234.67,215.87,213.43,203.02,200.29,196.22,199.45,192.87,185.33,175.41,157.16,130.48,105.76,81.87,57.78,37.58,22.42,11.79,4.72,0.74,0.0,0.0,0.0,0.0,0.0,0.0,0.0,0.0,0.0,0.0,0.0,0.0,0.0,0.0,0.0
Victoria LU,1,101890.61,15.85,29.79,106.07,231.9,387.11,559.54,804.39,1053.39,1364.97,1606.63,2021.0,2358.32,2708.26,2742.82,2845.41,2626.8,2409.42,1998.47,1826.57,1589.22,1467.92,1326.18,1291.13,1238.09,1240.72,1217.74,1214.01,1216.26,1200.06,1134.54,1107.31,1094.07,1089.22,1068.91,1076.76,1093.82,1097.52,1098.22,1130.89,1172.9,1219.4,1272.01,1359.79,1499.81,1621.14,1748.11,2006.41,2229.63,2443.01,2612.43,2737.92,2655.54,2525.94,2283.73,2044.43,1760.02,1520.32,1302.66,1128.49,1007.27,929.85,873.91,832.99,796.32,749.46,718.4,700.09,827.4,892.6,871.03,839.24,796.32,592.21,435.44,363.96,302.17,220.5,147.13,95.17,52.48,13.69,0.0,0.0,0.0,0.0,0.0,0.0,0.0,0.0,0.0,0.0,0.0,0.0,0.0,0.0,0.0
Walthamstow Central,3,21926.47,55.84,106.32,184.39,282.46,388.12,494.47,583.94,658.18,703.49,747.32,812.71,922.22,939.77,957.22,940.26,857.38,697.27,604.21,504.31,408.65,335.88,293.63,266.04,256.68,243.08,234.54,229.37,224.15,214.73,208.82,211.26,214.42,211.32,206.89,206.17,204.44,198.06,193.07,195.13,200.59,200.17,206.53,216.71,228.28,233.69,243.22,259.42,273.94,283.19,291.43,299.93,294.73,280.72,261.54,239.17,209.32,178.08,150.62,128.75,108.57,94.92,84.68,79.52,74.28,70.18,66.52,64.93,62.43,58.14,54.6,49.83,42.44,35.82,29.26,23.33,17.23,12.55,8.43,5.35,3.24,2.14,1.22,0.51,0.13,0.0,0.0,0.0,0.0,0.0,0.0,0.0,0.0,0.0,0.0,0.0,0.0
Walthamstow Queen's Road,3,2395.0,0.02,1.55,2.83,9.28,14.18,22.08,30.01,41.0,47.05,55.37,63.4,67.95,65.08,61.42,55.74,46.38,37.47,33.19,27.75,24.51,22.28,21.12,20.01,20.8,20.3,20.8,21.31,22.38,23.98,25.3,26.43,26.36,25.23,23.58,24.26,23.83,26.39,28.54,30.82,36.57,40.18,42.88,48.97,54.51,54.19,57.88,66.5,67.56,67.44,66.2,65.27,57.53,53.15,47.71,46.18,40.81,34.45,29.66,28.2,23.59,20.05,19.01,17.83,15.99,13.92,13.59,14.9,14.5,14.64,13.11,12.58,9.54,7.95,5.84,5.57,3.41,2.03,1.11,0.0,0.0,0.0,0.0,0.0,0.0,0.0,0.0,0.0,0.0,0.0,0.0,0.0,0.0,0.0,0.0,0.0,0.0
Wandsworth Road,2,1450.52,0.0,0.0,1.29,6.16,8.42,19.37,28.79,34.0,37.82,49.31,53.02,54.51,56.14,57.34,49.54,39.35,32.04,24.87,17.94,14.85,13.48,11.55,12.45,11.25,10.45,10.04,10.87,11.36,11.65,12.16,11.5,11.13,10.77,10.37,10.45,10.68,10.99,12.19,14.6,15.07,16.09,18.23,21.77,22.63,24.79,27.94,31.08,31.27,33.49,35.88,38.17,36.1,33.83,31.35,27.55,21.56,18.55,16.1,14.15,12.27,10.85,10.35,10.38,9.54,9.22,9.43,8.51,8.48,7.14,6.98,6.81,6.53,4.91,4.67,3.17,1.8,0.87,0.28,0.0,0.0,0.0,0.0,0.0,0.0,0.0,0.0,0.0,0.0,0.0,0.0,0.0,0.0,0.0,0.0,0.0,0.0
Wanstead,4,3289.47,4.95,8.69,13.55,21.7,27.98,34.76,43.71,56.24,73.15,99.16,132.81,163.25,174.08,174.79,161.62,132.11,100.7,81.88,67.38,55.64,50.98,47.43,48.24,45.59,43.85,41.94,41.81,38.56,37.12,36.32,36.29,35.21,35.32,33.48,33.1,32.02,31.72,30.76,32.4,33.57,36.84,37.44,42.53,45.04,47.06,45.69,49.62,48.32,50.0,50.73,52.2,50.65,47.8,41.41,35.01,28.27,21.33,16.55,15.4,13.81,12.69,11.74,11.02,8.98,7.82,7.78,8.1,7.95,7.42,7.06,6.11,4.93,3.94,3.99,3.43,2.67,1.79,1.54,0.4,0.23,0.16,0.16,0.0,0.0,0.0,0.0,0.0,0.0,0.0,0.0,0.0,0.0,0.0,0.0,0.0,0.0
Wanstead Park,3,2885.03,2.22,4.17,9.84,16.32,25.56,34.95,47.41,59.18,68.63,73.62,78.92,84.67,71.68,72.02,69.07,63.26,51.92,53.96,43.69,38.54,32.8,28.37,26.32,25.59,20.48,20.31,21.35,22.12,21.61,25.68,26.74,26.36,25.46,26.01,26.15,26.02,25.81,28.76,28.42,29.47,35.23,40.72,43.24,49.52,55.16,56.6,62.88,67.52,73.73,78.57,84.91,82.82,80.21,74.34,67.75,56.53,49.31,43.11,36.34,29.71,26.1,23.63,21.89,21.82,20.62,18.95,16.72,14.41,11.16,10.92,10.39,8.48,8.04,7.81,5.71,3.08,2.37,1.26,0.0,0.0,0.0,0.0,0.0,0.0,0.0,0.0,0.0,0.0,0.0,0.0,0.0,0.0,0.0,0.0,0.0,0.0
Wapping,2,3606.3,0.0,2.9,5.62,9.63,16.48,23.75,30.35,39.32,51.68,63.77,82.55,101.41,115.6,119.51,119.95,108.6,93.19,76.54,64.76,53.94,47.65,41.71,39.82,39.41,38.83,37.01,37.38,37.6,37.6,36.35,38.13,39.46,39.56,38.34,37.38,37.21,36.78,36.04,38.11,41.62,42.32,44.53,48.53,49.92,52.06,54.43,63.05,66.74,72.98,76.64,88.24,91.09,91.34,86.39,84.98,71.16,56.79,47.54,41.68,34.11,30.46,28.35,28.86,27.75,26.67,26.1,26.28,25.14,25.47,24.84,25.68,23.7,20.87,16.97,13.39,8.0,4.29,2.13,1.06,0.24,0.0,0.0,0.0,0.0,0.0,0.0,0.0,0.0,0.0,0.0,0.0,0.0,0.0,0.0,0.0,0.0
Warren Street,1,27076.78,3.48,8.49,13.36,19.66,26.0,31.06,38.45,46.14,52.99,65.64,81.05,99.2,115.96,131.67,140.06,141.09,139.63,139.26,141.4,144.18,153.36,158.69,171.03,179.38,190.11,197.37,213.46,221.94,238.81,248.6,272.08,285.24,293.52,289.82,309.67,312.05,315.35,327.59,364.68,382.93,417.69,459.21,556.14,615.41,691.7,763.26,903.93,973.53,1073.26,1125.62,1174.4,1113.13,1046.69,945.04,868.25,762.11,673.54,593.7,543.2,496.55,461.83,434.68,415.66,383.09,344.87,317.85,307.04,285.15,264.3,244.41,225.45,195.59,169.98,145.11,124.08,98.57,69.76,45.75,27.58,12.58,2.68,0.0,0.0,0.0,0.0,0.0,0.0,0.0,0.0,0.0,0.0,0.0,0.0,0.0,0.0,0.0
Warwick Avenue,2,5237.38,1.13,3.13,7.46,12.14,19.14,27.14,35.86,47.86,68.15,93.1,126.43,165.69,195.27,210.06,212.15,196.06,168.82,139.17,115.0,95.52,82.83,70.05,64.4,60.79,58.2,55.0,57.1,59.75,59.66,57.87,58.59,58.94,57.1,55.57,56.28,57.58,56.61,56.69,58.9,60.58,64.03,67.48,74.6,78.05,86.1,90.7,103.36,108.38,114.31,112.73,116.17,107.65,101.46,95.1,91.84,77.72,66.41,55.5,47.09,38.39,34.1,31.42,30.42,28.55,26.26,24.93,26.04,25.57,26.05,25.43,26.2,24.4,21.57,17.08,13.53,8.8,4.51,2.28,0.98,0.34,0.08,0.0,0.0,0.0,0.0,0.0,0.0,0.0,0.0,0.0,0.0,0.0,0.0,0.0,0.0,0.0
Waterloo LU,1,147569.64,25.08,38.18,102.1,249.7,494.17,757.47,1182.61,1777.64,2425.36,3121.35,4051.62,4918.13,5594.04,5925.88,5961.44,5378.74,4732.9,3731.05,3030.16,2385.76,2155.46,1788.94,1755.55,1637.69,1580.32,1469.74,1507.43,1535.62,1502.75,1459.65,1460.89,1408.25,1349.5,1324.79,1346.15,1317.03,1309.22,1308.91,1359.23,1406.76,1471.53,1552.38,1681.22,1822.08,2024.6,2191.11,2472.31,2723.1,3016.11,3180.42,3396.07,3398.18,3318.61,3054.91,2755.5,2343.84,1958.62,1583.13,1323.91,1135.76,1019.14,951.74,966.89,988.44,1004.89,1062.57,1123.04,1130.21,1108.2,1071.66,989.98,875.2,782.82,643.5,530.46,412.66,298.82,175.57,103.24,47.02,13.0,0.0,0.0,0.0,0.0,0.0,0.0,0.0,0.0,0.0,0.0,0.0,0.0,0.0,0.0,0.0
Watford,7,3048.83,5.62,11.71,17.84,33.15,43.11,60.22,78.85,103.01,130.03,149.9,170.26,167.18,153.46,121.65,96.26,64.94,52.24,41.3,35.59,30.96,29.23,25.27,25.54,25.23,24.54,24.74,24.8,23.07,24.35,23.42,23.29,23.43,26.56,24.87,26.04,25.84,25.49,22.03,25.26,59.95,71.61,75.29,80.24,84.78,57.8,53.43,57.84,61.98,60.15,54.39,48.97,40.35,31.62,24.5,19.94,15.63,12.65,10.09,8.49,7.42,6.78,6.86,6.66,6.28,6.36,5.86,5.41,4.8,4.57,3.64,3.44,2.94,2.21,1.82,1.51,1.0,0.59,0.49,0.17,0.05,0.03,0.0,0.0,0.0,0.0,0.0,0.0,0.0,0.0,0.0,0.0,0.0,0.0,0.0,0.0,0.0
Watford High Street,8,2607.94,4.58,9.4,14.47,19.04,25.22,33.41,35.33,40.98,45.8,53.83,50.88,52.75,46.82,40.16,30.87,29.11,25.49,24.06,23.01,21.81,18.59,18.21,18.47,18.5,19.04,21.41,22.76,25.85,29.61,31.9,32.5,32.96,33.18,30.02,29.94,31.85,33.21,32.58,47.4,63.9,84.26,85.85,89.14,81.55,66.78,49.74,53.79,58.54,57.89,63.59,65.8,65.28,58.25,55.64,50.35,43.09,35.2,33.25,31.33,28.52,25.38,23.0,21.43,18.63,16.6,17.88,19.27,17.59,15.18,13.22,11.3,9.47,7.9,6.48,4.68,2.7,0.55,0.0,0.0,0.0,0.0,0.0,0.0,0.0,0.0,0.0,0.0,0.0,0.0,0.0,0.0,0.0,0.0,0.0,0.0,0.0
Watford Junction,10,12911.56,13.73,44.58,73.38,102.11,151.44,256.02,282.81,330.43,403.85,444.17,441.39,392.84,442.18,396.23,351.88,255.34,305.4,214.24,171.91,144.46,162.73,127.01,109.2,100.93,98.34,93.03,87.82,85.86,91.99,97.09,95.43,91.06,97.81,96.15,92.5,96.33,111.19,117.41,118.9,121.93,138.46,161.27,203.02,239.21,265.54,323.12,332.11,294.01,362.3,342.08,351.33,346.29,355.34,269.04,268.21,174.81,159.95,143.53,120.99,98.82,117.71,85.91,68.96,53.25,61.6,35.08,33.32,34.96,35.97,26.58,26.28,22.19,14.05,12.64,8.58,5.33,2.35,1.72,0.83,0.83,0.0,0.0,0.0,0.0,0.0,0.0,0.0,0.0,0.0,0.0,0.57,0.57,0.57,0.57,0.57,0.0
Wembley Central,4,8221.42,6.99,23.83,60.41,81.6,105.19,142.15,183.12,180.89,204.85,248.77,268.12,260.57,259.5,246.75,221.25,184.23,154.03,142.27,135.51,112.65,108.03,105.37,107.41,104.31,98.93,97.7,103.68,99.7,96.16,102.55,110.61,108.41,108.98,109.24,112.22,108.54,113.97,115.28,125.51,122.28,125.13,125.35,133.76,127.99,130.07,131.95,132.82,128.8,127.61,125.58,126.32,117.97,113.54,112.03,111.75,102.17,98.87,89.01,80.44,68.46,59.13,49.82,46.82,40.63,37.35,33.53,36.91,36.42,33.63,31.39,30.48,23.88,17.96,15.95,13.1,9.42,6.08,3.94,2.49,1.09,0.2,0.0,0.0,0.0,0.0,0.0,0.0,0.0,0.0,0.0,0.0,0.0,0.0,0.0,0.0,0.0
Wembley Park,4,25824.08,37.44,65.02,106.45,164.23,212.12,265.78,329.31,397.19,455.43,534.72,635.18,734.16,795.48,811.07,793.93,733.07,647.42,558.71,505.52,471.69,435.03,398.11,386.79,382.17,358.36,340.86,342.04,346.29,337.15,333.18,340.02,342.26,330.98,322.74,316.93,314.16,305.15,303.72,322.67,356.77,368.87,389.25,437.93,457.54,462.01,478.91,523.47,522.54,519.16,517.5,508.97,450.4,398.35,355.73,309.93,264.14,229.67,200.75,181.56,163.61,147.15,136.72,130.24,121.52,112.13,110.87,158.75,161.82,156.9,151.77,142.81,85.13,69.32,57.4,49.92,40.37,29.36,20.37,14.47,7.68,3.32,0.72,0.0,0.0,0.0,0.0,0.0,0.0,0.0,0.0,0.0,0.0,0.0,1.92,1.92,1.92
West Acton,3,1842.99,2.14,4.08,7.22,12.87,16.2,23.16,29.15,36.9,42.21,53.15,63.71,75.72,78.61,83.7,77.66,68.33,54.75,46.71,36.4,33.47,30.49,27.14,25.72,24.18,21.54,20.55,21.27,21.1,22.57,22.0,20.37,20.43,19.83,17.45,17.8,17.74,17.38,16.84,17.03,30.96,38.05,39.48,42.09,44.46,33.45,28.93,31.3,31.93,32.54,31.16,29.11,26.24,24.2,20.81,18.37,16.58,13.86,10.61,8.58,6.44,5.25,4.32,3.57,3.02,2.57,2.15,1.66,1.89,1.85,1.7,1.55,1.64,1.38,1.03,1.05,0.75,0.44,0.24,0.16,0.04,0.0,0.0,0.0,0.0,0.0,0.0,0.0,0.0,0.0,0.0,0.0,0.0,0.0,0.0,0.0,0.0
West Brompton,2,8463.83,0.95,2.91,7.46,13.05,21.77,32.58,47.49,69.28,88.45,108.58,132.96,142.92,140.2,140.08,139.59,134.21,130.16,129.49,123.27,115.18,103.08,97.93,90.47,88.54,83.13,81.07,79.51,81.52,80.78,83.09,84.89,85.95,85.96,86.29,89.12,91.17,92.91,96.91,106.61,116.87,147.66,178.09,201.92,228.08,251.48,250.66,258.66,269.77,267.58,256.33,250.21,237.7,213.54,194.7,178.07,162.41,132.44,118.4,102.17,90.77,74.4,68.61,60.08,69.01,90.3,90.17,92.7,91.71,76.03,46.24,43.01,36.09,31.09,25.24,19.39,13.04,8.71,5.1,2.95,2.38,0.43,0.12,0.0,0.0,0.0,0.0,0.0,0.0,0.0,0.0,0.0,0.0,0.0,0.0,0.0,0.0
West Croydon NR,5,9384.26,16.76,30.56,57.81,89.24,115.33,159.24,208.43,243.3,288.14,330.65,336.16,314.02,295.13,255.07,212.93,181.74,175.23,157.49,143.65,125.72,120.31,107.9,108.05,108.9,117.5,121.29,126.03,121.58,119.78,113.18,108.49,101.59,102.49,104.35,107.53,107.27,111.84,112.46,117.66,119.28,123.63,126.29,145.47,149.2,164.4,176.65,196.95,200.3,209.0,204.11,196.81,172.55,151.25,130.85,118.85,108.62,95.94,83.77,76.04,68.97,61.69,62.55,58.6,52.79,45.93,38.18,34.31,32.41,33.72,26.4,21.54,14.18,8.28,0.0,0.0,0.0,0.0,0.0,0.0,0.0,0.0,0.0,0.0,0.0,0.0,0.0,0.0,0.0,0.0,0.0,0.0,0.0,0.0,0.0,0.0,0.0
West Drayton,6,6528.58,24.72,44.26,78.45,80.07,122.79,142.73,160.1,186.9,230.81,267.85,274.79,304.47,286.61,288.01,246.07,196.84,164.75,142.2,110.91,92.24,92.78,78.33,73.46,70.54,64.94,75.68,68.38,65.2,64.21,64.5,65.61,65.23,54.64,56.05,52.65,48.72,46.17,54.72,52.19,52.49,57.82,63.58,55.5,75.58,69.28,80.29,92.86,115.34,115.02,113.32,114.43,102.48,90.73,73.62,82.09,64.16,55.19,48.72,41.52,37.09,33.75,30.31,28.43,24.46,20.7,19.39,19.86,17.86,15.56,15.35,10.85,6.59,5.25,4.43,1.96,1.89,1.89,0.99,1.03,0.73,1.2,1.2,0.64,0.47,0.47,0.01,0.0,0.0,0.0,0.1,0.1,0.53,0.53,0.53,0.43,0.43
West Ealing,3,5557.98,4.91,12.37,21.57,34.49,54.66,77.88,99.67,115.99,149.36,169.02,221.89,248.5,282.65,271.32,267.43,209.68,171.35,126.56,106.23,82.49,70.88,62.87,59.63,55.62,54.43,52.09,55.71,54.35,53.27,50.93,53.09,48.09,47.02,45.68,46.31,44.65,46.5,45.78,47.98,48.14,49.21,52.79,69.57,78.48,91.15,96.4,111.36,108.2,114.89,110.89,118.25,105.65,101.56,83.91,77.23,62.23,53.58,39.93,36.34,28.47,24.2,20.68,21.02,19.07,19.09,17.5,17.03,14.35,13.38,11.26,8.78,5.5,3.48,1.49,0.0,0.0,0.0,0.0,0.0,0.0,0.0,0.0,0.0,0.0,0.0,0.0,0.0,0.0,0.0,0.0,0.0,0.0,0.0,0.0,0.0,0.0
West Finchley,4,2504.84,3.79,6.78,10.2,16.32,21.92,30.38,43.22,56.97,74.48,101.63,132.57,153.0,160.11,162.51,148.42,119.48,94.25,78.52,60.42,47.65,41.64,35.94,33.5,31.16,28.69,27.18,26.54,24.99,23.66,22.91,22.36,21.44,20.59,19.52,18.4,17.02,16.3,16.44,16.72,17.74,19.46,22.05,23.67,25.03,26.49,27.47,28.28,29.18,30.33,29.83,29.9,27.92,25.95,23.24,20.61,17.17,14.07,11.28,9.58,7.69,5.96,5.33,4.49,3.5,3.44,3.28,3.24,3.47,3.61,3.17,2.82,2.51,1.56,1.01,0.9,0.74,0.44,0.38,0.22,0.14,0.07,0.0,0.0,0.0,0.0,0.0,0.0,0.0,0.0,0.0,0.0,0.0,0.0,0.0,0.0,0.0
West Ham,2/3,9587.91,31.98,62.8,94.67,164.34,223.63,295.91,346.01,382.3,366.21,374.98,391.81,395.79,409.35,414.48,386.32,323.21,271.69,213.62,172.72,147.41,126.77,111.21,103.01,98.54,85.74,85.25,83.59,89.41,84.95,83.96,82.07,82.1,74.49,73.0,75.15,76.47,74.97,75.39,75.47,76.19,75.53,80.03,86.17,94.55,97.67,105.0,116.58,118.69,121.64,126.03,126.13,121.18,113.86,106.42,94.42,85.58,71.63,65.32,53.75,48.79,43.15,38.85,36.9,38.57,37.51,35.14,33.43,33.93,31.22,28.64,25.14,21.7,16.67,13.63,13.4,11.73,10.43,8.71,7.12,2.91,1.97,0.86,0.35,0.0,0.0,0.0,0.0,0.0,0.0,0.0,0.0,0.0,0.0,0.0,0.0,0.0
West Hampstead LO,2,7436.57,0.0,0.11,5.36,23.98,53.61,80.52,119.75,148.53,191.6,203.65,249.67,268.44,295.73,273.43,268.05,225.08,190.9,151.12,127.28,106.51,87.33,74.53,63.07,58.85,53.01,52.69,55.94,58.63,59.85,62.08,62.58,61.13,61.02,59.13,57.45,61.07,59.68,61.67,65.98,74.48,77.54,89.7,102.04,119.07,130.11,143.35,154.79,165.43,166.6,173.15,174.34,171.76,158.96,156.79,141.29,127.94,112.41,101.01,80.84,70.76,62.43,53.15,48.4,44.28,40.34,35.47,36.5,36.9,37.7,36.72,38.11,33.09,27.12,19.84,14.66,8.81,5.43,2.32,2.09,1.45,0.38,0.0,0.0,0.0,0.0,0.0,0.0,0.0,0.0,0.0,0.0,0.0,0.0,0.0,0.0,0.0
West Hampstead LU,2,15015.24,6.58,10.01,28.24,51.07,84.65,121.04,183.59,221.75,309.4,384.02,500.26,586.7,683.7,678.63,661.08,575.63,479.24,370.02,303.24,248.05,206.0,180.91,164.09,154.74,145.41,144.99,141.13,142.53,139.41,139.17,136.17,137.34,134.81,131.52,126.2,124.4,120.9,120.64,123.09,135.89,146.7,161.44,180.5,204.11,220.76,236.28,263.58,283.74,301.44,312.61,338.61,333.08,323.67,299.5,273.87,225.71,188.14,153.52,126.81,107.89,93.9,83.56,74.92,67.76,60.99,59.02,57.99,57.9,58.19,59.9,60.86,57.61,53.07,48.19,38.26,26.73,18.58,10.83,5.12,2.49,1.04,0.14,0.0,0.0,0.0,0.0,0.0,0.0,0.0,0.0,0.0,0.0,0.0,0.0,0.0,0.0
West Harrow,5,1962.21,7.12,11.87,19.39,30.34,33.52,41.13,51.43,59.11,65.47,77.14,88.2,91.19,93.88,93.91,85.68,71.31,61.68,49.87,37.92,32.45,30.67,28.13,26.83,25.37,24.03,22.88,22.03,21.53,21.38,20.59,20.44,19.1,18.33,17.68,17.75,17.98,17.34,17.27,18.64,19.04,18.82,20.5,21.23,21.03,21.23,21.5,22.0,21.93,22.32,21.71,22.06,20.23,19.8,18.43,18.41,15.59,13.61,11.66,9.72,8.04,7.3,6.43,5.87,5.81,4.68,4.25,4.21,3.92,3.21,2.99,3.19,2.97,2.26,1.96,1.38,0.86,0.57,0.49,0.17,0.15,0.06,0.06,0.0,0.0,0.0,0.0,0.0,0.0,0.0,0.0,0.0,0.0,0.0,0.0,0.0,0.0
West India Quay,2,4034.87,0.42,0.96,3.11,6.08,8.58,12.25,19.87,23.98,30.04,36.97,41.79,50.49,54.87,55.59,56.23,57.07,49.51,47.6,44.11,38.68,36.8,33.01,29.25,30.19,32.42,31.5,33.88,37.62,38.03,40.08,40.85,39.72,39.57,41.08,38.8,40.08,41.66,40.7,41.08,46.89,49.78,55.88,61.37,67.07,70.95,73.26,76.73,82.9,87.66,90.23,95.93,100.23,99.76,101.54,100.87,97.68,89.48,81.87,79.29,71.75,66.58,64.1,61.32,51.81,49.99,48.27,47.51,48.78,47.18,45.26,42.17,36.35,32.19,57.92,74.16,72.55,67.6,62.12,28.31,5.04,0.0,0.0,0.0,0.0,0.0,0.0,0.0,0.0,0.0,0.0,0.0,0.0,0.0,0.0,0.0,0.0
West Kensington,2,6669.47,7.59,13.28,19.12,24.82,37.15,48.16,61.92,81.94,104.39,132.9,174.88,220.16,248.88,262.03,256.77,230.62,191.64,157.12,134.87,122.07,109.11,98.52,92.39,84.52,76.18,71.38,70.76,71.47,73.71,71.07,71.39,70.65,69.99,65.97,66.1,65.44,65.51,65.37,68.92,71.81,74.66,82.6,97.11,105.99,114.54,119.66,123.58,118.74,126.11,128.56,135.5,133.3,130.13,115.55,105.78,92.47,80.64,70.2,62.25,50.56,41.41,34.81,31.58,29.41,29.38,29.01,29.76,32.34,37.67,42.74,45.43,43.3,38.12,28.82,23.51,17.63,14.54,10.49,7.72,2.57,0.66,0.04,0.01,0.0,0.0,0.0,0.0,0.0,0.0,0.0,0.0,0.0,0.0,0.0,0.0,0.0
West Ruislip,6,2514.08,7.5,13.71,24.61,36.45,45.84,58.69,76.29,81.97,99.11,109.69,116.96,102.82,117.29,103.58,91.7,74.7,71.32,44.94,38.82,33.93,34.89,33.67,35.09,27.17,31.14,25.74,25.35,24.6,29.25,21.2,23.91,24.01,24.4,23.16,23.29,22.39,22.65,20.93,21.61,20.85,27.35,27.84,29.83,27.43,29.09,23.03,32.07,34.06,41.72,41.01,45.57,37.66,35.77,29.33,30.03,23.75,18.13,13.46,11.2,8.28,5.96,5.99,5.79,4.52,4.64,5.92,7.46,7.56,7.72,7.56,6.43,4.3,3.22,2.57,1.34,0.83,0.34,0.1,0.0,0.0,0.0,0.0,0.0,0.0,0.0,0.0,0.0,0.0,0.0,0.0,0.0,0.0,0.0,0.0,0.0,0.0
West Silvertown,3,4093.41,3.7,8.0,14.82,26.42,34.0,42.63,55.58,66.13,76.08,91.06,113.77,133.74,149.19,156.81,154.89,138.75,115.45,92.58,73.93,61.31,52.24,45.79,43.72,42.19,40.27,39.6,39.82,40.08,38.15,38.92,38.74,38.51,39.2,40.2,38.81,38.73,39.37,38.73,42.64,50.34,53.98,58.76,65.82,68.7,70.02,76.61,80.65,84.32,87.41,86.56,86.96,85.76,78.12,69.97,63.89,52.54,43.27,37.7,33.45,29.65,26.7,24.42,22.82,22.38,19.4,19.02,17.65,17.86,15.94,16.72,16.43,16.3,13.75,18.21,17.03,17.28,15.9,14.12,6.49,4.68,1.29,0.0,0.0,0.0,0.0,0.0,0.0,0.0,0.0,0.0,0.0,0.0,0.0,0.0,0.0,0.0
Westbourne Park,2,6688.7,5.9,9.44,14.53,22.99,30.11,40.42,55.62,74.44,93.61,121.92,155.83,189.02,214.37,227.14,222.07,204.42,175.86,143.33,118.83,103.55,92.33,82.43,80.91,79.99,77.13,75.17,77.12,78.58,77.94,77.55,78.44,78.59,77.37,77.16,78.94,78.44,79.36,80.87,84.35,87.44,91.75,94.58,104.66,114.17,128.0,136.59,161.7,168.72,173.83,167.1,171.31,153.14,138.8,123.88,113.21,91.19,75.11,63.6,54.16,45.72,43.02,39.51,37.22,34.39,32.72,30.57,32.56,33.34,33.18,31.28,30.33,26.34,22.04,18.04,15.76,11.5,7.2,5.37,3.97,2.0,0.96,0.58,0.0,0.0,0.0,0.0,0.0,0.0,0.0,0.0,0.0,0.0,0.0,0.69,0.69,0.69
Westferry,2,7001.81,6.31,11.48,16.61,24.25,35.19,40.37,52.25,69.18,88.56,110.48,150.44,196.33,229.39,246.04,251.31,231.92,196.25,164.68,140.42,122.08,109.58,97.79,88.71,86.72,84.23,80.01,80.64,82.97,82.47,82.0,84.4,87.23,87.31,86.33,83.72,82.43,79.67,78.81,81.38,86.44,94.0,99.12,104.27,107.28,111.82,110.92,116.87,125.01,135.44,137.53,140.18,133.71,125.44,112.17,101.39,89.88,81.28,71.37,63.28,57.36,51.31,47.1,45.52,42.29,39.45,39.19,41.06,38.54,37.97,37.96,36.06,32.0,30.23,42.04,44.1,49.81,47.59,42.36,23.74,15.23,3.55,0.0,0.0,0.0,0.0,0.0,0.0,0.0,0.0,0.0,0.0,0.0,0.0,0.0,0.0,0.0
Westminster,1,30915.06,7.24,9.78,14.4,18.55,20.09,24.58,31.93,35.44,40.76,48.5,59.93,73.69,93.31,107.91,120.69,124.27,126.12,123.4,128.74,132.95,143.45,155.29,176.67,195.54,225.34,260.11,299.89,339.37,372.19,391.01,415.73,428.03,427.16,431.18,452.78,458.88,477.2,505.22,549.24,586.47,629.16,696.59,789.22,863.81,943.05,1013.12,1114.78,1192.29,1252.95,1290.61,1303.11,1206.05,1069.82,941.69,810.38,683.01,588.76,521.99,471.22,431.95,414.83,404.15,387.8,364.05,342.92,318.29,311.73,299.08,280.77,259.43,243.85,200.68,171.24,140.51,109.58,76.13,59.08,37.32,24.61,14.34,8.02,0.0,0.0,0.0,0.0,0.0,0.0,0.0,0.0,0.0,0.0,0.0,0.0,0.0,0.0,0.0
White City,2,14750.98,7.59,14.98,24.53,35.77,48.94,56.2,67.88,84.2,98.19,116.76,147.12,179.36,199.81,210.61,211.72,197.06,169.01,141.87,124.76,109.81,99.37,92.73,92.14,94.15,98.1,98.87,106.07,114.48,119.65,123.29,130.44,137.22,137.72,138.02,142.95,149.05,149.02,154.27,170.15,186.32,205.81,233.51,281.52,323.29,362.64,406.94,486.76,548.23,621.54,680.9,703.13,664.74,600.3,504.79,416.12,341.69,276.2,232.39,205.71,180.65,161.28,152.05,149.41,147.44,136.04,127.47,122.65,106.62,85.79,77.84,72.66,68.54,63.26,62.09,53.2,42.9,29.34,19.58,8.24,4.53,2.73,0.28,0.0,0.0,0.0,0.0,0.0,0.0,0.0,0.0,0.0,0.0,0.0,0.0,0.0,0.0
White Hart Lane,3,3172.59,2.16,8.96,17.44,28.21,37.88,53.29,65.69,69.73,79.76,82.35,91.24,89.53,94.44,95.26,102.79,98.16,89.43,78.32,63.83,48.99,35.61,32.48,31.73,30.75,29.37,29.69,32.06,33.67,32.83,32.82,32.52,31.52,31.63,33.02,34.06,34.89,35.9,37.16,40.38,43.61,52.29,55.05,60.49,61.48,67.07,64.88,71.54,71.61,77.82,73.98,72.82,67.56,59.66,49.03,42.09,33.99,25.13,22.51,20.31,18.41,17.11,15.52,13.41,11.26,10.2,8.19,8.29,8.37,7.74,6.69,6.5,5.56,4.64,3.2,2.47,1.58,0.73,0.15,0.08,0.0,0.0,0.0,0.0,0.0,0.0,0.0,0.0,0.0,0.0,0.0,0.0,0.0,0.0,0.0,0.0,0.0
Whitechapel,2,30979.51,11.89,24.56,42.67,66.29,91.06,108.61,135.73,163.94,194.04,230.37,287.17,355.22,432.39,482.96,515.18,513.3,487.65,422.85,373.64,339.37,313.32,287.38,284.36,290.92,293.22,293.64,299.41,312.35,319.29,325.41,340.88,363.18,372.7,383.11,396.08,415.66,418.5,427.3,448.76,483.36,506.26,546.4,617.43,671.24,727.79,781.91,889.92,936.7,974.07,966.51,975.17,899.94,824.34,741.01,708.13,629.96,557.52,505.42,482.91,432.27,411.03,392.87,383.09,350.97,318.02,285.61,264.68,239.06,220.74,206.28,202.22,185.33,175.07,166.18,143.69,111.77,85.42,56.45,29.99,18.34,7.71,2.39,0.0,0.0,0.0,0.0,0.0,0.0,0.0,0.0,0.0,0.0,0.0,0.0,0.0,0.0
Willesden Green,2/3,9432.83,13.14,24.46,40.74,57.96,81.15,112.9,144.69,184.97,232.91,281.96,346.85,407.13,434.75,436.17,423.49,376.83,316.85,267.76,228.83,196.56,167.13,148.66,138.42,133.13,125.75,121.17,117.29,115.53,110.14,103.87,102.49,103.79,100.17,97.78,98.68,100.78,97.61,95.94,98.11,101.01,100.78,100.43,104.64,108.36,108.09,109.32,119.71,125.63,130.55,134.22,138.58,134.83,129.61,120.52,111.71,98.71,84.27,72.03,62.19,54.62,46.81,41.88,37.62,33.57,29.95,28.04,27.72,25.28,22.55,19.85,17.53,14.0,11.9,10.71,9.17,7.4,5.36,3.8,1.98,0.95,0.33,0.12,0.0,0.0,0.0,0.0,0.0,0.0,0.0,0.0,0.0,0.0,0.0,0.0,0.0,0.0
Willesden Junction,2/3,8592.65,2.01,11.36,25.47,50.36,69.48,106.62,137.92,173.43,214.75,254.9,277.4,294.07,285.85,262.19,243.98,223.32,191.26,174.25,151.33,126.16,101.9,95.92,86.54,84.65,83.62,85.25,80.82,84.66,87.18,84.2,84.18,88.0,84.78,80.0,83.4,86.26,82.07,85.49,90.91,99.32,104.33,120.2,136.73,151.39,165.11,177.39,199.78,214.28,219.83,211.85,218.75,213.53,191.49,176.5,168.2,141.94,107.26,90.25,74.7,61.49,49.45,41.8,36.54,32.69,29.58,27.42,29.08,28.92,27.69,26.01,25.77,22.22,18.4,13.36,10.06,6.47,3.4,1.61,1.16,0.52,0.24,0.0,0.0,0.0,0.0,0.0,0.0,0.0,0.0,0.0,0.0,0.0,0.0,0.0,0.0,0.0
Wimbledon,3,34734.0,18.93,73.85,131.14,207.59,321.8,488.36,693.38,912.47,1106.79,1351.93,1455.6,1414.2,1340.69,1214.54,997.24,831.68,719.15,619.96,564.09,500.12,470.18,475.62,484.34,490.84,501.81,532.28,523.84,523.14,525.15,529.23,497.63,466.19,425.22,385.52,364.89,353.25,363.05,365.9,385.01,409.52,454.28,477.07,516.36,536.04,537.23,532.07,558.32,569.01,608.86,620.56,628.61,580.07,546.72,460.59,405.56,326.58,285.47,221.14,199.23,169.06,156.52,136.36,135.06,116.91,109.82,100.98,102.27,93.4,90.84,79.9,74.87,62.68,52.52,42.48,32.61,21.97,13.28,8.46,4.08,3.54,1.75,0.74,0.0,0.0,0.0,0.0,0.0,0.0,0.0,0.0,0.0,0.0,0.0,8.01,8.01,8.01
Wimbledon Park,3,3526.86,2.7,6.2,9.75,13.78,21.86,30.71,48.35,74.46,107.94,150.96,186.69,195.98,187.32,168.22,133.5,102.13,83.81,73.07,62.75,55.98,49.23,45.38,44.51,42.8,41.58,41.52,41.46,39.38,38.84,37.47,36.89,38.46,41.27,40.3,41.27,39.93,35.69,32.87,34.1,34.17,35.81,37.84,40.33,41.07,42.58,45.97,54.87,57.33,61.19,62.19,63.63,57.11,52.97,47.52,45.29,38.84,33.79,29.11,25.68,20.05,16.76,12.97,11.5,9.9,7.82,6.19,6.71,6.71,5.69,5.37,5.38,4.26,2.61,2.29,3.6,2.97,3.01,2.7,2.48,0.66,0.55,0.0,0.0,0.0,0.0,0.0,0.0,0.0,0.0,0.0,0.0,0.0,0.0,0.11,0.11,0.11
Wood Green,3,14566.65,33.86,63.8,112.01,173.83,240.17,308.39,373.13,410.43,425.25,424.87,433.98,445.84,443.76,448.63,452.35,426.38,372.8,331.24,294.1,254.81,221.84,202.31,195.79,189.24,178.05,170.77,170.56,169.67,164.85,162.14,164.01,165.27,162.45,158.92,162.6,166.26,165.67,167.49,177.55,185.08,188.79,192.63,204.26,210.71,215.94,222.3,240.02,250.38,250.1,244.13,238.6,224.93,203.98,188.24,175.16,157.73,135.44,116.99,102.66,88.22,75.36,66.24,60.87,56.34,51.82,49.09,48.65,47.8,44.43,43.91,42.28,37.76,32.19,28.02,21.43,15.5,10.63,6.8,3.22,1.57,0.96,0.41,0.0,0.0,0.0,0.0,0.0,0.0,0.0,0.0,0.0,0.0,0.0,0.0,0.0,0.0
Wood Lane,2,8341.21,4.0,6.93,9.74,14.83,20.72,27.64,40.73,59.51,82.8,107.8,135.31,166.94,189.33,192.17,187.95,172.68,144.79,117.16,97.43,84.73,79.91,73.78,70.01,70.23,70.47,66.14,67.7,72.57,77.02,79.03,84.47,89.33,91.29,91.95,94.59,98.71,99.32,102.71,108.65,115.49,122.85,130.93,141.22,152.72,165.13,176.57,200.05,223.53,255.23,276.12,289.05,283.02,268.73,236.33,206.22,177.94,152.88,129.4,114.23,101.38,92.05,87.99,89.22,89.36,87.09,82.39,78.17,67.44,55.9,46.97,40.97,36.34,29.94,24.41,20.76,16.13,8.42,5.62,3.5,1.87,0.63,0.13,0.05,0.0,0.0,0.0,0.0,0.0,0.0,0.0,0.0,0.0,0.99,1.6,1.6,1.6
Wood Street,4,3750.2,9.01,15.87,28.89,26.7,39.99,48.07,61.18,74.46,99.0,118.46,154.39,177.12,179.67,185.85,177.36,144.59,124.38,106.21,84.52,68.47,60.56,47.44,43.82,43.33,40.8,39.97,38.01,38.33,37.62,38.05,39.19,39.05,37.3,35.16,32.31,31.55,29.71,30.25,33.02,35.14,35.47,40.98,50.24,61.76,65.62,69.38,72.17,68.18,60.27,58.55,59.63,54.81,50.58,45.55,40.58,32.41,26.82,22.94,18.06,14.96,12.78,10.82,8.65,7.49,7.28,7.0,7.37,7.92,7.68,6.73,6.04,5.68,3.96,3.1,2.27,1.47,0.11,0.11,0.0,0.0,0.0,0.0,0.0,0.0,0.0,0.0,0.0,0.0,0.0,0.0,0.0,0.0,0.0,0.0,0.0,0.0
Woodford,4,7814.29,23.7,43.4,70.04,104.43,126.88,154.83,182.63,213.53,248.3,290.71,340.32,379.87,391.01,388.59,360.71,309.93,255.56,211.57,170.74,145.13,130.72,117.33,111.86,105.41,100.57,94.26,92.02,89.13,84.45,78.36,77.31,74.39,70.02,68.13,67.07,65.55,62.34,62.82,64.81,69.86,70.78,78.95,84.91,88.17,87.0,91.99,95.67,99.12,100.29,105.33,104.25,96.54,86.34,78.34,65.21,53.43,43.55,35.93,29.3,24.39,21.07,18.85,18.41,16.35,15.18,14.69,13.96,12.27,11.14,9.92,9.2,8.23,7.08,6.85,5.54,3.54,2.27,1.53,0.28,0.13,0.02,0.01,0.0,0.0,0.0,0.0,0.0,0.0,0.0,0.0,0.0,0.0,0.0,0.0,0.0,0.0
Woodgrange Park,3/4,1982.01,4.9,9.76,16.27,28.0,37.06,40.55,49.94,57.15,59.9,63.07,70.84,70.68,67.96,66.46,64.04,55.87,48.04,42.86,34.75,30.79,27.97,25.94,25.08,25.34,24.34,23.6,23.26,22.46,21.19,20.32,20.41,20.88,20.28,21.07,21.43,21.51,20.5,20.84,20.7,21.75,24.03,27.65,29.71,31.43,33.09,32.43,32.25,31.26,31.45,29.21,27.83,26.42,25.59,22.63,21.61,20.74,18.33,16.31,15.06,13.71,11.62,10.79,10.45,10.04,8.94,9.01,8.69,7.9,6.44,5.7,4.23,3.05,2.1,1.94,1.36,0.85,0.25,0.19,0.0,0.0,0.0,0.0,0.0,0.0,0.0,0.0,0.0,0.0,0.0,0.0,0.0,0.0,0.0,0.0,0.0,0.0
Woodside Park,4,5788.32,6.01,10.76,18.48,33.01,46.95,63.41,85.5,108.9,134.82,173.63,221.13,260.9,277.95,277.35,256.5,216.08,171.6,141.85,121.61,107.04,97.74,90.96,87.6,85.16,78.47,73.64,71.31,71.04,64.41,61.8,61.56,61.15,55.47,54.18,54.72,52.23,50.19,51.54,65.08,76.86,84.29,96.7,102.76,95.37,88.32,86.49,80.7,82.97,85.94,85.96,86.7,85.97,79.07,71.29,65.57,57.18,46.87,39.22,33.61,28.46,23.62,22.45,21.8,18.64,17.05,15.8,12.88,11.29,11.66,10.21,9.21,8.22,7.05,5.55,3.94,3.11,2.03,1.19,0.48,0.11,0.0,0.0,0.0,0.0,0.0,0.0,0.0,0.0,0.0,0.0,0.0,0.0,0.0,0.0,0.0,0.0
Woolwich Arsenal,4,13257.7,44.04,70.05,114.96,152.62,185.19,238.74,304.53,364.25,419.82,451.94,468.24,457.23,407.81,379.22,356.59,320.53,303.96,287.43,261.7,233.46,205.42,172.45,164.98,159.72,154.69,157.11,156.4,164.02,164.62,170.98,167.33,165.67,152.08,144.7,135.63,134.24,131.11,132.66,133.54,134.83,144.33,157.4,174.23,192.58,202.57,215.56,231.94,238.94,237.45,241.03,227.7,209.21,186.27,170.57,151.99,136.84,115.35,103.63,88.39,77.27,67.58,63.62,55.62,50.48,45.19,40.31,35.89,34.66,30.79,29.29,28.2,26.29,23.59,26.45,62.21,58.98,54.11,50.59,43.07,1.98,0.56,0.5,0.0,0.0,0.0,0.0,0.0,0.0,0.0,0.0,0.0,0.0,0.0,0.0,0.0,0.0
Canary Wharf EL,2,32987.48,6.22,14.8,34.92,59.87,89.13,109.5,140.7,166.89,208.25,262.3,337.94,440.85,575.66,648.44,680.38,676.23,619.15,498.81,413.31,352.29,308.21,270.08,256.43,252.3,253.41,251.31,256.89,268.55,277.79,281.03,281.93,292.17,295.37,292.96,295.41,314.53,323.57,326.05,342.5,369.01,395.78,434.59,506.08,568.28,650.93,752.5,932.61,1102.6,1274.42,1393.18,1467.35,1393.81,1277.18,1105.68,964.72,798.21,673.81,564.79,502.83,423.0,373.43,333.87,305.91,283.09,257.83,244.77,241.77,234.47,220.83,216.09,213.07,189.02,165.57,138.42,108.8,66.52,39.79,18.21,8.51,0.0,0.0,0.0,0.0,0.0,0.0,0.0,0.0,0.0,0.0,0.0,0.0,0.0,0.0,0.0,0.0,0.0
Abbey Wood,4,24309.28,68.31,150.62,269.47,426.92,574.71,720.84,895.95,1037.75,1157.17,1278.4,1359.22,1338.36,1242.15,1121.05,963.64,767.85,639.56,556.2,464.9,401.3,360.66,302.75,271.21,254.07,242.77,237.53,230.96,228.72,220.44,229.45,225.06,217.1,204.13,195.57,175.69,167.36,160.74,156.14,155.34,153.69,154.87,163.58,171.22,188.48,201.99,216.78,241.84,262.54,267.83,270.25,267.78,249.84,228.29,202.91,183.17,162.0,132.98,111.18,96.56,82.02,70.59,65.73,61.47,58.8,54.34,49.08,45.79,43.56,38.76,34.46,30.29,25.71,17.77,13.99,9.31,5.37,2.07,1.84,0.18,0.18,0.06,0.06,0.0,0.0,0.0,0.0,0.0,0.0,0.0,0.0,0.0,0.0,0.0,0.0,0.0,0.0
Custom House EL,3,16479.92,14.37,38.46,72.67,126.87,191.15,228.94,276.6,308.79,314.7,313.64,343.41,376.45,415.32,444.02,453.72,431.41,371.22,303.34,244.12,204.82,173.51,155.37,147.13,152.09,151.29,154.16,159.76,168.27,164.71,180.04,187.19,197.63,202.87,210.19,202.39,207.61,206.56,211.26,225.12,242.11,259.52,320.84,366.65,406.08,440.5,470.87,467.33,462.68,450.24,434.93,418.31,382.47,342.08,291.93,251.9,206.01,170.03,144.03,135.33,115.23,99.88,84.7,74.46,64.92,58.29,54.37,50.03,45.85,42.68,38.89,35.02,33.33,27.18,21.39,16.94,11.41,5.2,3.41,1.59,0.14,0.0,0.0,0.0,0.0,0.0,0.0,0.0,0.0,0.0,0.0,0.0,0.0,0.0,0.0,0.0,0.0
Woolwich EL,4,23700.17,67.55,121.18,204.51,307.05,420.88,453.67,528.83,585.91,633.08,697.39,807.52,931.31,1000.52,1018.94,988.46,905.52,760.06,631.93,533.0,456.75,388.49,334.38,308.28,294.81,273.94,260.66,255.65,248.71,232.85,238.97,239.73,239.69,237.43,238.36,225.4,220.73,210.55,201.08,204.76,206.25,206.05,226.19,249.76,270.54,288.87,316.47,334.95,361.85,371.71,383.15,390.08,376.55,343.77,299.49,265.29,222.37,184.1,152.97,142.28,122.17,107.48,100.9,95.9,94.75,89.76,86.22,82.5,76.56,67.19,60.41,52.07,45.07,36.97,30.82,22.19,15.43,8.12,3.88,0.4,0.16,0.0,0.0,0.0,0.0,0.0,0.0,0.0,0.0,0.0,0.0,0.0,0.0,0.0,0.0,0.0,0.0
Heathrow Terminal 5 EL,6,12571.03,59.44,69.56,76.06,82.79,89.17,85.62,112.59,152.95,160.62,221.48,233.63,271.69,246.14,269.49,227.93,264.13,230.17,263.9,230.58,241.06,184.71,188.13,160.78,195.71,198.37,220.03,195.43,214.75,195.77,225.81,215.17,255.95,238.59,256.05,210.45,242.24,206.75,231.66,204.41,231.89,191.37,225.89,192.36,214.18,174.61,209.92,172.57,204.66,165.66,204.64,165.49,192.45,149.42,174.14,132.58,143.2,103.78,123.8,98.17,119.83,103.41,124.55,108.12,131.89,111.04,125.95,106.63,109.82,80.01,89.23,61.27,62.49,46.09,38.2,20.1,18.08,5.03,4.58,4.18,0.0,0.0,0.0,0.0,0.0,0.0,0.0,0.0,0.0,0.0,0.0,0.0,0.0,0.0,0.0,0.0,0.0
